ID de l'activité,Date de l'activité,Nom de l'activité,Type d'activité,Description de l'activité,Temps écoulé,Distance,Fréquence cardiaque max.,Effort relatif,Déplacement-transport,Note privée sur les activités,Matériel utilisé pour l'activité,Nom du fichier,Poids de l'athlète,Poids du vélo,Temps écoulé,Durée de déplacement,Distance,Vitesse max.,Vitesse moyenne,Dénivelé positif,Dénivelé négatif,Altitude min.,Altitude max.,Pente max.,Pente moyenne,Pente positive moyenne,Pente négative moyenne,Cadence max.,Cadence moyenne,Fréquence cardiaque max.,Fréquence cardiaque moyenne,Puissance max.,Puissance moyenne,Calories,Température max.,Température moyenne,Effort relatif,Effort total,Nombre de sorties course à pied,Temps de montée,Temps de descente,Autres temps,Effort ressenti,Type,Heure de début,Puissance moyenne pondérée,Nombre d'échantillons de puissance,Utiliser l'Effort ressenti,Effort relatif ressenti,Déplacement-transport,Poids total soulevé,À partir du téléchargement,Distance ajustée selon la pente,Heure d'observation de la météo,Conditions météo,Température selon les prévisions météo,Température ressentie,Point de rosée,Humidité,Pression atmosphérique,Vitesse du vent,Rafale de vent,Direction du vent,Intensité des précipitations,Heure de lever du soleil,Heure de coucher du soleil,Phase de la lune,Vélo,Matériel,Probabilité de précipitations,Type de précipitations,Couverture nuageuse,Visibilité selon les prévisions météo,Indice UV,Ozone selon les prévisions météo,Nombre de sauts,Grit total,Flow moyen,Signalé,Vitesse moyenne (temps écoulé),Distance sur chemin,Distance récemment découverte,Distance sur chemin récemment découverte,Nombre d'activités,Nombre total de pas,CO2 économisé,Longueur de piscine,Charge d’entraînement,Intensité,Vitesse moyenne ajustée selon la pente,Temps enregistré par le chronomètre,Nombre total de cycles,Récupération,Avec mon animal de compagnie,Compétition,Sortie longue,Pour la bonne cause,Avec enfant,Distance en descente,Nombre total de séries,Nombre total de répétitions,Support
19523635991,"29 juil. 2026, 22:39:48",Course à pied en soirée,Course à pied,,3322,"9,77",,,false,,,activities/20647096317.fit.gz,,,3322.0,2966.0,9775.4,4.74,3.296,38.0,35.0,40.0,63.4,8.7,0.0,,,115.0,88.0,,,,331.0,690.0,,27.0,,967689.0,,,,,,,,337.0,3178.0,,,0.0,,1.0,9860.2,,,,,,,,,,,,,,,,,,,,,,,,,,,2.943,38.0,,,,8484.0,0.0,,565.0,253.0,3.324,,,,,,,,,,,,""
19508780622,"29 juil. 2026, 01:02:24",Course à pied de nuit,Course à pied,,2662,"8,16",,,false,,,activities/20631801159.fit.gz,,,2662.0,2525.0,8166.1,3.9,3.234,24.0,28.0,38.4,53.8,7.1,0.0,,,92.0,88.0,,,,322.0,550.0,,26.0,,813290.0,,,,,,,,312.0,2664.0,,,0.0,,1.0,8210.5,,,,,,,,,,,,,,,,,,,,,,,,,,,3.068,0.0,,,,7332.0,0.0,,407.0,235.0,3.252,,,,,,,,,,,,""
19493560972,"27 juil. 2026, 23:26:26",Course à pied en soirée,Course à pied,,7393,"20,28",,,false,,,activities/20616141054.fit.gz,,,7393.0,6904.0,20283.1,4.12,2.938,115.0,115.0,17.8,74.4,9.2,0.0,,,90.0,85.0,,,,296.0,1359.0,,28.0,,2047423.0,,,,,,,,288.0,7394.0,,,0.0,,1.0,20481.1,,,,,,,,,,,,,,,,,,,,,,,,,,,2.744,1780.6,,,,19502.0,0.0,,965.0,217.0,2.967,,,,,,,,,,,,""
19476212002,"26 juil. 2026, 16:21:48",Course à pied le midi,Course à pied,,3410,"9,59",,,false,,,activities/20598265719.fit.gz,,,3410.0,3311.0,9590.7,3.52,2.897,31.0,25.0,44.6,67.4,7.5,0.1,,,89.0,84.0,,,,292.0,691.0,,31.0,,965025.0,,,,,,,,289.0,3412.0,,,0.0,,1.0,9675.8,,,,,,,,,,,,,,,,,,,,,,,,,,,2.813,1163.3,,,,9284.0,0.0,,446.0,217.0,2.922,,,,,,,,,,,,""
19439700642,"23 juil. 2026, 23:58:58",Evening Run,Course à pied,,4438,"13,95",,,false,,,activities/20560755324.fit.gz,,,4438.0,4289.0,13957.5,5.08,3.254,50.0,60.0,44.0,69.8,30.8,-0.1,,,93.0,82.0,,,,332.0,937.0,,27.0,,1391233.0,,,,,,,,372.0,4439.0,,,0.0,,1.0,14136.3,,,,,,,,,,,,,,,,,,,,,,,,,,,3.145,0.0,,,,11452.0,0.0,,965.0,280.0,3.296,,,,,,,,,,,,""
19411092865,"21 juil. 2026, 23:49:47",Course à pied en soirée,Course à pied,,2718,"8,33",,,false,,,activities/20531509716.fit.gz,,,2718.0,2608.0,8329.4,5.66,3.194,25.0,21.0,87.8,104.6,15.5,0.0,,,92.0,87.0,,,,327.0,559.0,,28.0,,853601.0,,,,,,,,323.0,2719.0,,,0.0,,1.0,8451.5,,,,,,,,,,,,,,,,,,,,,,,,,,,3.065,44.2,,,,7516.0,0.0,,445.0,243.0,3.241,,,,,,,,,,,,""
19396533111,"20 juil. 2026, 23:29:35",Course à pied en soirée,Course à pied,,5979,"15,77",,,false,,,activities/20516702070.fit.gz,,,5979.0,5485.0,15775.2,3.74,2.876,76.0,79.0,30.6,68.8,11.7,0.0,,,88.0,85.0,,,,292.0,1052.0,,28.0,,1600943.0,,,,,,,,282.0,5980.0,,,0.0,,1.0,15933.7,,,,,,,,,,,,,,,,,,,,,,,,,,,2.638,5355.6,,,,15424.0,0.0,,746.0,212.0,2.905,,,,,,,,,,,,""
19381635928,"19 juil. 2026, 16:29:53",Lunch Run,Course à pied,,5293,"13,20",,,false,,,activities/20501519129.fit.gz,,,5293.0,4525.0,13203.6,4.72,2.918,263.0,254.0,48.4,234.6,50.0,-0.1,,,98.0,84.0,,,,300.0,971.0,,27.0,,1351034.0,,,,,,,,295.0,5294.0,,,0.0,,1.0,14585.0,,,,,,,,,,,,,,,,,,,,,,,,,,,2.495,5819.2,,,,12384.0,0.0,,724.0,222.0,3.223,,,,,,,,,,,,""
19356384740,"17 juil. 2026, 23:36:00",Course à pied en soirée,Course à pied,,3728,"11,50",,,false,,,activities/20475737716.fit.gz,,,3728.0,3676.0,11507.2,5.16,3.13,27.0,28.0,67.2,71.2,17.1,0.0,,,95.0,81.0,,,,303.0,807.0,,25.0,,1108168.0,,,,,,,,351.0,3729.0,,,0.0,,1.0,11608.0,,,,,,,,,,,,,,,,,,,,,,,,,,,3.087,0.0,,,,9696.0,0.0,,721.0,264.0,3.158,,,,,,,,,,,,""
19317024280,"15 juil. 2026, 00:15:59",Course à pied en soirée,Course à pied,,2975,"7,81",,,false,,,activities/20435731773.fit.gz,,,2975.0,2846.0,7816.6,3.84,2.747,33.0,35.0,37.0,53.8,11.1,0.0,,,88.0,84.0,,,,280.0,541.0,,30.0,,796745.0,,,,,,,,274.0,2976.0,,,0.0,,1.0,7899.5,,,,,,,,,,,,,,,,,,,,,,,,,,,2.627,219.7,,,,7956.0,0.0,,350.0,206.0,2.776,,,,,,,,,,,,""
19302169134,"13 juil. 2026, 23:35:00",Course à pied en soirée,Course à pied,,3517,"10,09",,,false,,,activities/20420658769.fit.gz,,,3517.0,3353.0,10094.3,6.16,3.011,31.0,33.0,43.0,63.2,13.6,0.0,,,115.0,82.0,,,,295.0,700.0,,29.0,,978258.0,,,,,,,,310.0,3519.0,,,0.0,,1.0,10185.2,,,,,,,,,,,,,,,,,,,,,,,,,,,2.87,0.0,,,,8850.0,0.0,,530.0,233.0,3.038,,,,,,,,,,,,""
19286229553,"12 juil. 2026, 18:04:40",Afternoon Run,Course à pied,,2343,"7,06",,,false,,,activities/20404463717.fit.gz,,,2343.0,2217.0,7060.9,4.2,3.185,32.0,32.0,33.2,60.6,45.2,0.0,,,100.0,85.0,,,,322.0,487.0,,32.0,,712464.0,,,,,,,,312.0,2344.0,,,0.0,,1.0,7159.7,,,,,,,,,,,,,,,,,,,,,,,,,,,3.014,1032.4,,,,6212.0,0.0,,358.0,235.0,3.229,,,,,,,,,,,,""
19262242844,"10 juil. 2026, 23:08:02",Course à pied en soirée,Course à pied,,4120,"13,11",,,false,,,activities/20380039063.fit.gz,,,4120.0,4012.0,13111.6,5.54,3.268,17.0,23.0,68.0,75.4,11.1,0.0,,,94.0,84.0,,,,318.0,900.0,,28.0,,1268503.0,,,,,,,,359.0,4121.0,,,0.0,,1.0,13187.9,,,,,,,,,,,,,,,,,,,,,,,,,,,3.182,0.0,,,,10986.0,0.0,,834.0,270.0,3.287,,,,,,,,,,,,""
19236597901,"8 juil. 2026, 23:04:52",Course à pied en soirée,Course à pied,,7173,"17,71",,,false,,,activities/20353948233.fit.gz,,,7173.0,6326.0,17718.5,4.1,2.801,317.0,345.0,47.2,225.2,50.0,0.0,,,97.0,84.0,,,,302.0,1238.0,,29.0,,1906597.0,,,,,,,,296.0,7174.0,,,0.0,,1.0,18891.5,,,,,,,,,,,,,,,,,,,,,,,,,,,2.47,5610.5,,,,17614.0,0.0,,989.0,223.0,2.986,,,,,,,,,,,,""
19222396234,"7 juil. 2026, 23:45:37",Evening Run,Course à pied,,3959,"9,92",,,false,,,activities/20339526019.fit.gz,,,3959.0,3619.0,9919.4,3.86,2.741,34.0,30.0,44.8,65.2,15.8,0.0,,,90.0,84.0,,,,276.0,660.0,,29.0,,999049.0,,,,,,,,266.0,3961.0,,,0.0,,1.0,10014.1,,,,,,,,,,,,,,,,,,,,,,,,,,,2.506,2743.0,,,,10054.0,0.0,,440.0,200.0,2.767,,,,,,,,,,,,""
19208323324,"6 juil. 2026, 23:46:04",Course à pied en soirée,Course à pied,,4568,"11,77",,,false,,,activities/20325265393.fit.gz,,,4568.0,4094.0,11775.2,5.76,2.876,23.0,20.0,42.8,52.8,7.5,0.0,,,94.0,82.0,,,,287.0,835.0,,28.0,,1152256.0,,,,,,,,316.0,4445.0,,,0.0,,1.0,11836.1,,,,,,,,,,,,,,,,,,,,,,,,,,,2.578,46.7,,,,10776.0,0.0,,698.0,238.0,2.891,,,,,,,,,,,,""
19194039967,"5 juil. 2026, 14:18:01",Randonnée le matin,Randonnée,,20097,"14,58",,,false,,,activities/20310769623.fit.gz,,,20097.0,13831.0,14580.7,2.32,1.054,748.0,739.0,80.4,409.4,48.5,0.1,,,115.0,53.0,,,,,1229.0,,,,,,,,,,,,,,,,0.0,,1.0,,,,,,,,,,,,,,,,,,,,,,,,,,,,0.726,14233.1,,,,21962.0,0.0,,,,,,21962.0,,,,,,,,,,""
19169370584,"3 juil. 2026, 22:59:41",Evening Run,Course à pied,,3586,"10,83",,,false,,,activities/20285673628.fit.gz,,,3586.0,3550.0,10831.1,5.34,3.051,51.0,52.0,51.2,71.2,20.3,0.0,,,93.0,84.0,,,,324.0,761.0,,30.0,,1096944.0,,,,,,,,354.0,3587.0,,,0.0,,1.0,10993.8,,,,,,,,,,,,,,,,,,,,,,,,,,,3.02,0.0,,,,9354.0,0.0,,705.0,266.0,3.097,,,,,,,,,,,,""
19158036167,"3 juil. 2026, 01:18:24",Course à pied de nuit,Course à pied,,2920,"7,65",,,false,,,activities/20274176149.fit.gz,,,2920.0,2810.0,7649.2,3.22,2.722,41.0,38.0,24.0,62.4,10.0,0.0,,,88.0,84.0,,,,282.0,524.0,,28.0,,791885.0,,,,,,,,281.0,2916.0,,,0.0,,1.0,7715.8,,,,,,,,,,,,,,,,,,,,,,,,,,,2.62,0.0,,,,7864.0,0.0,,361.0,211.0,2.746,,,,,,,,,,,,""
19143036805,"1 juil. 2026, 20:30:06",Course à pied dans l'après-midi,Course à pied,,4161,"10,58",,,false,,,activities/20258994400.fit.gz,,,4161.0,3934.0,10588.4,3.38,2.692,31.0,33.0,41.0,52.4,16.2,0.0,,,87.0,84.0,,,,273.0,780.0,,32.0,,1071475.0,,,,,,,,266.0,4162.0,,,0.0,,1.0,10735.3,,,,,,,,,,,,,,,,,,,,,,,,,,,2.545,203.6,,,,10918.0,0.0,,462.0,200.0,2.729,,,,,,,,,,,,""
19131624263,"1 juil. 2026, 00:21:02",Course à pied en soirée,Course à pied,,4063,"11,55",,,false,,,activities/20247406554.fit.gz,,,4063.0,4036.0,11554.6,5.84,2.863,21.0,21.0,43.2,55.0,9.3,0.0,,,94.0,80.0,,,,286.0,844.0,,28.0,,1144368.0,,,,,,,,315.0,4064.0,,,0.0,,1.0,11629.3,,,,,,,,,,,,,,,,,,,,,,,,,,,2.844,375.7,,,,10522.0,0.0,,633.0,237.0,2.881,,,,,,,,,,,,""
19130995854,"30 juin 2026, 00:40:11",Course à pied en soirée,Course à pied,,2828,"8,59",,,false,,,activities/20246767591.fit.gz,,,2828.0,2689.0,8593.2,4.8,3.196,30.0,30.0,42.4,63.0,9.5,0.0,,,88.0,84.0,,,,323.0,595.0,,28.0,,868003.0,,,,,,,,318.0,2829.0,,,0.0,,1.0,8654.5,,,,,,,,,,,,,,,,,,,,,,,,,,,3.039,1476.6,,,,7500.0,0.0,,449.0,239.0,3.218,,,,,,,,,,,,""
19016895111,"21 juin 2026, 16:03:06",Randonnée le midi,Randonnée,,20521,"18,00",,,false,,,activities/20130871908.fit.gz,,,20521.0,16990.0,18004.6,2.76,1.06,981.0,988.0,255.2,934.4,45.3,-0.1,,,120.0,53.0,,,,,1754.0,,,,,,,,,,,,,,,,0.0,,1.0,,,,,,,,,,,,,,,,,,,,,,,,,,,,0.877,17720.0,,,,26176.0,0.0,,,,,,26176.0,,,,,,,,,,""
19000638164,"20 juin 2026, 16:44:25",Course à pied le midi,Course à pied,,5729,"13,80",,,false,,,activities/20114309742.fit.gz,,,5729.0,4468.0,13800.7,4.3,3.089,196.0,204.0,35.2,194.0,22.9,-0.1,,,90.0,85.0,,,,318.0,927.0,,25.0,,1417873.0,,,,,,,,300.0,5360.0,,,0.0,,1.0,14290.0,,,,,,,,,,,,,,,,,,,,,,,,,,,2.409,644.6,,,,12670.0,0.0,,758.0,226.0,3.198,,,,,,,,,,,,""
18978538339,"18 juin 2026, 23:17:32",Course à pied en soirée,Course à pied,,5076,"13,80",,,false,,,activities/20091861778.fit.gz,,,5076.0,4220.0,13808.3,5.54,3.272,50.0,53.0,37.4,56.8,15.7,-0.1,,,94.0,86.0,,,,338.0,940.0,,25.0,,1424832.0,,,,,,,,344.0,4822.0,,,0.0,,1.0,13996.6,,,,,,,,,,,,,,,,,,,,,,,,,,,2.72,1325.9,,,,12122.0,0.0,,897.0,259.0,3.317,,,,,,,,,,,,""
18965274200,"17 juin 2026, 23:25:41",Course à pied en soirée,Course à pied,,3254,"9,64",,,false,,,activities/20078419594.fit.gz,,,3254.0,3119.0,9639.2,6.0,3.09,57.0,62.0,23.6,61.4,38.7,0.0,,,97.0,84.0,,,,315.0,655.0,,26.0,,981926.0,,,,,,,,315.0,3256.0,,,0.0,,1.0,9835.1,,,,,,,,,,,,,,,,,,,,,,,,,,,2.962,781.5,,,,8704.0,0.0,,507.0,237.0,3.153,,,,,,,,,,,,""
18951368963,"16 juin 2026, 23:15:12",Course à pied en soirée,Course à pied,,4076,"10,19",,,false,,,activities/20064326067.fit.gz,,,4076.0,3744.0,10194.8,3.4,2.723,52.0,51.0,32.2,76.4,7.9,0.0,,,86.0,83.0,,,,279.0,659.0,,26.0,,1044675.0,,,,,,,,271.0,4077.0,,,0.0,,1.0,10286.3,,,,,,,,,,,,,,,,,,,,,,,,,,,2.501,110.6,,,,10316.0,0.0,,470.0,204.0,2.747,,,,,,,,,,,,""
18911679718,"13 juin 2026, 10:39:04",Randonnée le matin,Randonnée,,55997,"81,84",,,false,,,activities/20024061262.fit.gz,,,55997.0,55211.0,81842.5,4.92,1.482,372.0,393.0,14.0,70.0,50.0,0.0,,,119.0,58.0,,,,,4726.0,,,,,,,,,,,,,,,,0.0,,1.0,,,,,,,,,,,,,,,,,,,,,,,,,,,,1.462,10414.9,,,,102428.0,0.0,,,,,,102428.0,,,,,,,,,,""
18884922764,"11 juin 2026, 23:22:33",Course à pied en soirée,Course à pied,,4334,"11,29",,,false,,,activities/19996855941.fit.gz,,,4334.0,3927.0,11290.4,5.12,2.875,24.0,24.0,61.8,83.0,36.5,0.0,,,120.0,82.0,,,,290.0,815.0,,30.0,,1112477.0,,,,,,,,324.0,4335.0,,,0.0,,1.0,11408.3,,,,,,,,,,,,,,,,,,,,,,,,,,,2.605,76.4,,,,10354.0,0.0,,715.0,244.0,2.905,,,,,,,,,,,,""
18859053107,"10 juin 2026, 01:00:37",Course à pied de nuit,Course à pied,,2246,"6,39",,,false,,,activities/19970595812.fit.gz,,,2246.0,2108.0,6395.3,6.64,3.034,70.0,67.0,26.0,64.8,26.7,0.1,,,101.0,85.0,,,,314.0,461.0,,27.0,,657687.0,,,,,,,,320.0,2247.0,,,0.0,,1.0,6588.2,,,,,,,,,,,,,,,,,,,,,,,,,,,2.847,215.7,,,,5928.0,0.0,,361.0,241.0,3.125,,,,,,,,,,,,""
18830432759,"7 juin 2026, 20:10:36",Afternoon Run,Course à pied,,7581,"15,41",,,false,,,activities/19941474125.fit.gz,,,7581.0,5175.0,15416.7,4.1,2.979,131.0,151.0,7.8,65.4,38.7,-0.3,,,92.0,86.0,,,,304.0,1031.0,,27.0,,1564094.0,,,,,,,,282.0,6530.0,,,0.0,,1.0,15840.9,,,,,,,,,,,,,,,,,,,,,,,,,,,2.034,754.0,,,,14656.0,0.0,,815.0,212.0,3.061,,,,,,,,,,,,""
18790816136,"4 juin 2026, 22:59:30",Evening Run,Course à pied,,3983,"10,24",,,false,,,activities/19901105381.fit.gz,,,3983.0,3483.0,10243.6,5.08,2.941,44.0,42.0,46.6,70.2,27.0,0.0,,,93.0,83.0,,,,301.0,719.0,,28.0,,1013433.0,,,,,,,,327.0,3902.0,,,0.0,,1.0,10451.9,,,,,,,,,,,,,,,,,,,,,,,,,,,2.572,0.0,,,,9218.0,0.0,,655.0,246.0,3.001,,,,,,,,,,,,""
18763618915,"3 juin 2026, 00:20:55",Course à pied en soirée,Course à pied,,612,"1,69",,,false,,,activities/19873416411.fit.gz,,,612.0,601.0,1691.1,3.7,2.814,24.0,0.0,28.4,57.0,21.2,1.7,,,87.0,84.0,,,,308.0,128.0,,27.0,,185828.0,,,,,,,,300.0,614.0,,,0.0,,1.0,1802.3,,,,,,,,,,,,,,,,,,,,,,,,,,,2.763,0.0,,,,1688.0,0.0,,86.0,226.0,2.999,,,,,,,,,,,,""
18763315095,"2 juin 2026, 22:44:37",Course à pied en soirée,Course à pied,,4525,"10,02",,,false,,,activities/19873105358.fit.gz,,,4525.0,3836.0,10024.0,3.82,2.613,259.0,258.0,47.8,209.4,23.5,-0.1,,,107.0,82.0,,,,281.0,701.0,,27.0,,1072681.0,,,,,,,,282.0,4370.0,,,0.0,,1.0,11041.2,,,,,,,,,,,,,,,,,,,,,,,,,,,2.215,4408.7,,,,10496.0,0.0,,545.0,212.0,2.878,,,,,,,,,,,,""
18749559706,"1 juin 2026, 23:25:43",Course à pied en soirée,Course à pied,,5451,"12,21",,,false,,,activities/19859126943.fit.gz,,,5451.0,4441.0,12211.3,5.9,2.75,283.0,282.0,48.0,220.0,49.5,0.0,,,87.0,81.0,,,,298.0,868.0,,23.0,,1315171.0,,,,,,,,293.0,5350.0,,,0.0,,1.0,13303.4,,,,,,,,,,,,,,,,,,,,,,,,,,,2.24,4102.0,,,,11908.0,0.0,,720.0,220.0,2.996,,,,,,,,,,,,""
18734779392,"31 mai 2026, 19:34:34",Course à pied dans l'après-midi,Course à pied,,4989,"11,69",,,false,,,activities/19844049390.fit.gz,,,4989.0,3526.0,11698.6,5.02,3.318,48.0,61.0,22.2,65.8,17.2,-0.2,,,91.0,85.0,,,,332.0,791.0,,24.0,,1171191.0,,,,,,,,317.0,4270.0,,,0.0,,1.0,11914.2,,,,,,,,,,,,,,,,,,,,,,,,,,,2.345,1531.1,,,,9892.0,0.0,,672.0,238.0,3.379,,,,,,,,,,,,""
18721344980,"30 mai 2026, 22:11:14",Course à pied en soirée,Course à pied,,2619,"7,60",,,false,,,activities/19830364709.fit.gz,,,2619.0,2454.0,7608.0,5.32,3.1,30.0,32.0,46.8,64.8,20.4,0.0,,,89.0,82.0,,,,315.0,532.0,,25.0,,771862.0,,,,,,,,315.0,2619.0,,,0.0,,1.0,7677.6,,,,,,,,,,,,,,,,,,,,,,,,,,,2.905,401.4,,,,6718.0,0.0,,408.0,237.0,3.129,,,,,,,,,,,,""
18559328554,"17 mai 2026, 20:50:34",Course à pied dans l'après-midi,Course à pied,,2488,"6,18",,,false,,,activities/19665453097.fit.gz,,,2488.0,2217.0,6185.8,4.92,2.79,183.0,20.0,46.0,215.6,43.0,2.7,,,90.0,82.0,,,,325.0,480.0,,28.0,,721996.0,,,,,,,,324.0,2489.0,,,0.0,,1.0,7081.0,,,,,,,,,,,,,,,,,,,,,,,,,,,2.486,1144.5,,,,6032.0,0.0,,410.0,244.0,3.194,,,,,,,,,,,,""
18559324524,"16 mai 2026, 13:59:16",Marche le matin,Marche,,11760,"12,86",,,false,,,activities/18559324524.fit,,,11760.0,9052.0,12860.8,3.914,1.421,83.1,81.2,10.1,52.4,14.2,0.0,,,,,,,,,,,,,,,,,,,,,,,,,0.0,,1.0,,,,,,,,,,,,,,,,,,,,,,,,,,,,1.094,0.0,,,,,0.0,,,,,,,,,,,,,,,,""
18559327350,"15 mai 2026, 21:30:16",Marche dans l'après-midi,Marche,,8671,"9,49",,,false,,,activities/18559327350.fit,,,8671.0,7216.0,9491.2,3.243,1.315,154.9,198.6,49.4,233.8,42.7,-0.5,,,,,,,,,,,,,,,,,,,,,,,,,0.0,,1.0,,,,,,,,,,,,,,,,,,,,,,,,,,,,1.095,3686.9,,,,,0.0,,,,,,,,,,,,,,,,""
18559328123,"14 mai 2026, 19:12:42",Course à pied dans l'après-midi,Course à pied,,2845,"6,25",,,false,,,activities/19665452606.fit.gz,,,2845.0,2243.0,6253.5,3.54,2.788,39.0,40.0,24.6,54.8,22.5,0.1,,,88.0,83.0,,,,284.0,425.0,,22.0,,634594.0,,,,,,,,266.0,2811.0,,,0.0,,1.0,6383.0,,,,,,,,,,,,,,,,,,,,,,,,,,,2.198,729.6,,,,6170.0,0.0,,312.0,200.0,2.846,,,,,,,,,,,,""
18455570092,"10 mai 2026, 16:14:17",Course à pied en soirée,Course à pied,,3539,"9,56",,,false,,,activities/19560661568.fit.gz,,,3539.0,3511.0,9562.1,3.18,2.723,49.0,53.0,-1.0,15.8,15.8,0.0,,,86.0,82.0,,,,286.0,685.0,,27.0,,1005821.0,,,,,,,,286.0,3540.0,,,0.0,,1.0,9679.3,,,,,,,,,,,,,,,,,,,,,,,,,,,2.702,3464.2,,,,9646.0,0.0,,454.0,215.0,2.757,,,,,,,,,,,,""
18428468033,"8 mai 2026, 16:57:41",Sortie vélo en soirée,Vélo,,2853,"19,90",,,false,,,activities/19533209909.fit.gz,,9.0,2853.0,2708.0,19901.6,12.26,7.349,156.0,161.0,2.0,42.2,11.3,0.0,,,,,,,,,539.0,,,,,,,,,,,,,,,,0.0,,1.0,,,,,,,,,,,,,,,,,,,,,,,,,,,,6.976,188.6,,,,,0.0,,,,,,,,,,,,,,,,""
18409733703,"7 mai 2026, 08:35:48",Course à pied le matin,Course à pied,,3458,"10,07",,,false,,,activities/19514319020.fit.gz,,,3458.0,3417.0,10073.6,3.66,2.948,28.0,42.0,0.2,15.8,12.5,-0.1,,,87.0,84.0,,,,300.0,711.0,,26.0,,1024067.0,,,,,,,,298.0,3459.0,,,0.0,,1.0,10119.0,,,,,,,,,,,,,,,,,,,,,,,,,,,2.913,6702.4,,,,9528.0,0.0,,482.0,224.0,2.961,,,,,,,,,,,,""
18374936427,"4 mai 2026, 16:57:21",Course à pied en soirée,Course à pied,,1784,"6,30",,,false,,,activities/19479261139.fit.gz,,,1784.0,1784.0,6307.1,4.6,3.535,30.0,27.0,2.0,20.8,9.9,0.0,,,89.0,86.0,,,,359.0,427.0,,23.0,,640266.0,,,,,,,,361.0,1785.0,,,0.0,,1.0,6368.8,,,,,,,,,,,,,,,,,,,,,,,,,,,3.535,424.6,,,,5088.0,0.0,,364.0,271.0,3.57,,,,,,,,,,,,""
18226997709,"23 avr. 2026, 14:07:08",Course à pied dans l'après-midi,Course à pied,,3913,"11,85",,,false,,,activities/19329817328.fit.gz,,,3913.0,3745.0,11857.8,4.04,3.166,143.0,137.0,58.4,114.6,48.5,0.0,,,92.0,86.0,,,,326.0,849.0,,31.0,,1217087.0,,,,,,,,327.0,3915.0,,,0.0,,1.0,12254.2,,,,,,,,,,,,,,,,,,,,,,,,,,,3.03,4809.0,,,,10722.0,0.0,,657.0,246.0,3.272,,,,,,,,,,,,""
18176355472,"19 avr. 2026, 16:47:11",Course à pied en soirée,Course à pied,,6313,"17,46",,,false,,,activities/19278835464.fit.gz,,,6313.0,6272.0,17460.5,3.66,2.784,222.0,221.0,43.6,90.6,43.0,0.0,,,106.0,84.0,,,,295.0,1256.0,,25.0,,1849211.0,,,,,,,,299.0,6314.0,,,0.0,,1.0,18184.0,,,,,,,,,,,,,,,,,,,,,,,,,,,2.766,9351.0,,,,17614.0,0.0,,887.0,225.0,2.899,,,,,,,,,,,,""
18134876783,"16 avr. 2026, 16:49:53",Course à pied en soirée,Course à pied,,2269,"6,31",,,false,,,activities/19236927849.fit.gz,,,2269.0,2269.0,6312.3,3.42,2.782,53.0,52.0,48.0,76.2,11.3,0.0,,,86.0,83.0,,,,286.0,439.0,,25.0,,649768.0,,,,,,,,287.0,2270.0,,,0.0,,1.0,6417.2,,,,,,,,,,,,,,,,,,,,,,,,,,,2.782,950.1,,,,6266.0,0.0,,293.0,216.0,2.828,,,,,,,,,,,,""
18108804797,"14 avr. 2026, 17:39:14",Course à pied en soirée,Course à pied,,3285,"9,40",,,false,,,activities/19210666086.fit.gz,,,3285.0,3220.0,9404.2,6.22,2.921,45.0,47.0,90.4,113.6,12.6,0.0,,,100.0,81.0,,,,283.0,650.0,,23.0,,904685.0,,,,,,,,301.0,3287.0,,,0.0,,1.0,9485.7,,,,,,,,,,,,,,,,,,,,,,,,,,,2.863,0.0,,,,8456.0,0.0,,467.0,226.0,2.946,,,,,,,,,,,,""
18070113063,"11 avr. 2026, 17:32:49",Course à pied en soirée,Course à pied,,1440,"4,48",,,false,,,activities/19171596750.fit.gz,,,1440.0,1440.0,4486.9,4.22,3.116,19.0,21.0,4.0,17.8,7.0,0.0,,,89.0,85.0,,,,324.0,319.0,,18.0,,466914.0,,,,,,,,324.0,1441.0,,,0.0,,1.0,4519.8,,,,,,,,,,,,,,,,,,,,,,,,,,,3.116,779.0,,,,4082.0,0.0,,237.0,244.0,3.139,,,,,,,,,,,,""
18063986233,"10 avr. 2026, 16:03:11",Course à pied en soirée,Course à pied,,3065,"9,09",,,false,,,activities/19165406928.fit.gz,,,3065.0,3019.0,9097.5,4.34,3.013,41.0,37.0,4.2,21.0,8.7,0.1,,,88.0,84.0,,,,307.0,678.0,,26.0,,926050.0,,,,,,,,305.0,3067.0,,,0.0,,1.0,9183.9,,,,,,,,,,,,,,,,,,,,,,,,,,,2.968,900.8,,,,8428.0,0.0,,447.0,229.0,3.042,,,,,,,,,,,,""
18032332530,"8 avr. 2026, 19:21:00",Course à pied de nuit,Course à pied,,1903,"6,41",,,false,,,activities/19133473635.fit.gz,,,1903.0,1903.0,6417.6,4.2,3.372,25.0,27.0,-0.4,15.6,7.8,0.0,,,88.0,84.0,,,,345.0,439.0,,23.0,,656532.0,,,,,,,,348.0,1904.0,,,0.0,,1.0,6451.5,,,,,,,,,,,,,,,,,,,,,,,,,,,3.372,480.2,,,,5334.0,0.0,,362.0,262.0,3.39,,,,,,,,,,,,""
18005850401,"6 avr. 2026, 16:33:07",Course à pied en soirée,Course à pied,,3812,"10,75",,,false,,,activities/19106543109.fit.gz,,,3812.0,3652.0,10749.4,3.76,2.943,52.0,50.0,2.0,19.0,12.0,0.0,,,88.0,85.0,,,,299.0,779.0,,28.0,,1090120.0,,,,,,,,295.0,3814.0,,,0.0,,1.0,10885.4,,,,,,,,,,,,,,,,,,,,,,,,,,,2.82,5895.3,,,,10304.0,0.0,,521.0,222.0,2.981,,,,,,,,,,,,""
17972764624,"4 avr. 2026, 08:01:24",Course à pied le matin,Course à pied,,9144,"28,39",,,false,,,activities/19073101884.fit.gz,,,9144.0,9144.0,28392.3,5.28,3.105,148.0,146.0,-11.2,18.2,33.7,0.0,,,95.0,85.0,,,,323.0,2030.0,,23.0,,2950730.0,,,,,,,,327.0,9145.0,,,0.0,,1.0,29061.3,,,,,,,,,,,,,,,,,,,,,,,,,,,3.105,18597.6,,,,25780.0,0.0,,1536.0,246.0,3.178,,,,,,,,,,,,""
17831572488,"23 mars 2026, 18:47:47",Course à pied en soirée,Course à pied,,1709,"5,00",,,false,,,activities/18930997947.fit.gz,,,1709.0,1709.0,5006.1,3.92,2.929,39.0,33.0,73.4,106.2,6.6,0.1,,,89.0,85.0,,,,299.0,364.0,,18.0,,511093.0,,,,,,,,299.0,1710.0,,,0.0,,1.0,5069.2,,,,,,,,,,,,,,,,,,,,,,,,,,,2.929,404.8,,,,4818.0,0.0,,240.0,225.0,2.966,,,,,,,,,,,,""
17820508423,"22 mars 2026, 17:56:33",Course à pied en soirée,Course à pied,,3370,"10,04",,,false,,,activities/18919861860.fit.gz,,,3370.0,3370.0,10043.3,3.86,2.98,91.0,92.0,69.4,115.4,10.1,0.0,,,89.0,84.0,,,,310.0,676.0,,19.0,,1044631.0,,,,,,,,311.0,3371.0,,,0.0,,1.0,10188.9,,,,,,,,,,,,,,,,,,,,,,,,,,,2.98,1196.9,,,,9444.0,0.0,,512.0,234.0,3.023,,,,,,,,,,,,""
17808859608,"21 mars 2026, 16:28:41",Course à pied dans l'après-midi,Course à pied,,2969,"10,01",,,false,,,activities/18908064675.fit.gz,,,2969.0,2849.0,10018.0,4.275,3.516,59.0,59.0,84.4,122.6,28.0,0.0,,,93.0,87.0,,,,355.0,662.0,,25.0,,1012529.0,,,,,,,,352.0,2970.0,,,0.0,,1.0,10115.5,,,,,,,,,,,,,,,,,,,,,,,,,,,3.374,10.7,,,,8232.0,0.0,,578.0,265.0,3.551,,,,,,,,,,,,""
17651059191,"8 mars 2026, 14:42:57",Course à pied dans l'après-midi,Course à pied,,5921,"16,75",,,false,,,activities/18749307072.fit.gz,,,5921.0,5878.0,16754.6,4.22,2.85,187.0,185.0,66.0,110.2,45.7,0.0,,,97.0,85.0,,,,298.0,1160.0,,26.0,,1748048.0,,,,,,,,304.0,5923.0,,,0.0,,1.0,17341.7,,,,,,,,,,,,,,,,,,,,,,,,,,,2.83,7157.6,,,,16598.0,0.0,,861.0,229.0,2.95,,,,,,,,,,,,""
17586739803,"3 mars 2026, 08:53:46",Sortie vélo le matin,Vélo,,10861,"65,69",,,false,,,activities/18684625247.fit.gz,,9.0,10861.0,10594.0,65693.3,12.4,6.201,669.0,663.0,62.0,129.2,17.7,0.0,,,,,,,,,1195.0,,,,,,,,,,,,,,,,0.0,,1.0,,,,,,,,,,,,,,,,,,,,,,,,,,,,6.049,0.0,,,,,0.0,,,,,,,,,,,,,,,,""
17578663146,"2 mars 2026, 17:29:43",Course à pied en soirée,Course à pied,,2308,"7,16",,,false,,,activities/18676525506.fit.gz,,,2308.0,2277.0,7163.4,4.26,3.146,59.0,59.0,90.2,112.6,26.5,0.0,,,92.0,87.0,,,,326.0,516.0,,21.0,,741602.0,,,,,,,,324.0,2310.0,,,0.0,,1.0,7267.0,,,,,,,,,,,,,,,,,,,,,,,,,,,3.104,992.6,,,,6594.0,0.0,,381.0,244.0,3.191,,,,,,,,,,,,""
17567381511,"1 mars 2026, 15:34:47",Course à pied dans l'après-midi,Course à pied,,3212,"9,69",,,false,,,activities/18665152855.fit.gz,,,3212.0,3080.0,9695.0,4.16,3.148,99.0,95.0,76.0,128.2,10.0,0.0,,,92.0,88.0,,,,326.0,667.0,,22.0,,1003498.0,,,,,,,,326.0,3213.0,,,0.0,,1.0,9858.5,,,,,,,,,,,,,,,,,,,,,,,,,,,3.018,2669.6,,,,8986.0,0.0,,535.0,245.0,3.201,,,,,,,,,,,,""
17509012631,"24 févr. 2026, 17:35:45",Course à pied en soirée,Course à pied,,3364,"9,20",,,false,,,activities/18606430410.fit.gz,,,3364.0,3364.0,9208.5,3.95,2.737,42.0,43.0,92.2,110.4,9.2,0.0,,,87.0,82.0,,,,282.0,640.0,,23.0,,949650.0,,,,,,,,282.0,3365.0,,,0.0,,1.0,9284.2,,,,,,,,,,,,,,,,,,,,,,,,,,,2.737,754.2,,,,9250.0,0.0,,420.0,212.0,2.76,,,,,,,,,,,,""
17497087810,"23 févr. 2026, 16:39:00",Course à pied dans l'après-midi,Course à pied,,5203,"12,52",,,false,,,activities/18594466136.fit.gz,,,5203.0,4203.0,12521.5,4.767,2.979,182.0,184.0,60.0,105.6,48.5,0.0,,,104.0,84.0,,,,312.0,921.0,,23.0,,1310064.0,,,,,,,,310.0,4505.0,,,0.0,,1.0,13087.8,,,,,,,,,,,,,,,,,,,,,,,,,,,2.407,4764.0,,,,11864.0,0.0,,679.0,233.0,3.114,,,,,,,,,,,,""
17455179307,"19 févr. 2026, 18:15:27",Course à pied en soirée,Course à pied,,2377,"6,99",,,false,,,activities/18552320163.fit.gz,,,2377.0,2377.0,6991.9,4.6,2.941,48.0,59.0,-7.0,20.0,16.8,-0.2,,,88.0,83.0,,,,299.0,491.0,,20.0,,711193.0,,,,,,,,312.0,2378.0,,,0.0,,1.0,7197.6,,,,,,,,,,,,,,,,,,,,,,,,,,,2.941,611.5,,,,6544.0,0.0,,364.0,235.0,3.028,,,,,,,,,,,,""
17455179343,"18 févr. 2026, 11:48:00",Course à pied le midi,Course à pied,,4512,"13,69",,,false,,,activities/18552320029.fit.gz,,,4512.0,4504.0,13698.7,4.04,3.041,74.0,96.0,7.2,38.2,16.4,0.2,,,88.0,84.0,,,,310.0,1006.0,,25.0,,1397922.0,,,,,,,,311.0,4513.0,,,0.0,,1.0,14037.2,,,,,,,,,,,,,,,,,,,,,,,,,,,3.036,2169.5,,,,12626.0,0.0,,685.0,234.0,3.117,,,,,,,,,,,,""
17455179248,"17 févr. 2026, 18:17:27",Course à pied en soirée,Course à pied,,1968,"6,27",,,false,,,activities/18552319986.fit.gz,,,1968.0,1968.0,6275.7,4.62,3.189,30.0,29.0,2.0,19.4,9.0,0.0,,,87.0,84.0,,,,326.0,445.0,,20.0,,642246.0,,,,,,,,327.0,1969.0,,,0.0,,1.0,6335.0,,,,,,,,,,,,,,,,,,,,,,,,,,,3.189,656.5,,,,5468.0,0.0,,330.0,246.0,3.219,,,,,,,,,,,,""
17330805788,"8 févr. 2026, 13:45:35",Sortie vélo dans l'après-midi,Vélo,,7742,"46,32",,,false,,,activities/18427390481.fit.gz,,9.0,7742.0,7053.0,46328.0,12.74,6.569,468.0,464.0,51.8,142.0,14.7,0.0,,,,,,,,,1011.0,,,,,,,,,,,,,,,,0.0,,1.0,,,,,,,,,,,,,,,,,,,,,,,,,,,,5.984,78.2,,,,,0.0,,,,,,,,,,,,,,,,""
17275405861,"3 févr. 2026, 18:37:27",Course à pied en soirée,Course à pied,,2408,"6,39",,,false,,,activities/18371490458.fit.gz,,,2408.0,2161.0,6389.1,3.62,2.957,63.0,70.0,67.2,106.0,14.9,0.0,,,106.0,85.0,,,,307.0,441.0,,20.0,,664011.0,,,,,,,,300.0,2371.0,,,0.0,,1.0,6492.9,,,,,,,,,,,,,,,,,,,,,,,,,,,2.653,607.7,,,,6112.0,0.0,,335.0,226.0,3.005,,,,,,,,,,,,""
17262431011,"2 févr. 2026, 17:07:52",Course à pied en soirée,Course à pied,,1619,"4,66",,,false,,,activities/18358433213.fit.gz,,,1619.0,1619.0,4663.9,3.54,2.881,35.0,33.0,67.4,98.0,7.0,0.0,,,89.0,86.0,,,,295.0,343.0,,25.0,,477506.0,,,,,,,,298.0,1620.0,,,0.0,,1.0,4715.9,,,,,,,,,,,,,,,,,,,,,,,,,,,2.881,425.7,,,,4620.0,0.0,,225.0,224.0,2.913,,,,,,,,,,,,""
17195704676,"27 janv. 2026, 16:29:52",Course à pied dans l'après-midi,Course à pied,,2596,"7,31",,,false,,,activities/18291199561.fit.gz,,,2596.0,2596.0,7317.2,3.52,2.819,61.0,65.0,68.4,101.8,9.0,0.0,,,88.0,85.0,,,,295.0,522.0,,24.0,,764862.0,,,,,,,,299.0,2597.0,,,0.0,,1.0,7418.6,,,,,,,,,,,,,,,,,,,,,,,,,,,2.819,1116.6,,,,7348.0,0.0,,364.0,225.0,2.858,,,,,,,,,,,,""
17175788915,"25 janv. 2026, 18:09:08",Course à pied en soirée,Course à pied,,1537,"4,25",,,false,,,activities/18271117395.fit.gz,,,1537.0,1535.0,4249.5,5.2,2.768,30.0,28.0,68.8,97.8,12.5,0.0,,,88.0,84.0,,,,287.0,309.0,,24.0,,439217.0,,,,,,,,288.0,1536.0,,,0.0,,1.0,4298.7,,,,,,,,,,,,,,,,,,,,,,,,,,,2.765,431.8,,,,4318.0,0.0,,200.0,217.0,2.8,,,,,,,,,,,,""
17118313160,"20 janv. 2026, 17:46:20",Course à pied en soirée,Course à pied,,1724,"5,21",,,false,,,activities/18213178264.fit.gz,,,1724.0,1724.0,5216.4,3.86,3.026,65.0,60.0,65.8,106.2,11.7,0.1,,,86.0,83.0,,,,326.0,361.0,,25.0,,561656.0,,,,,,,,328.0,1725.0,,,0.0,,1.0,5352.8,,,,,,,,,,,,,,,,,,,,,,,,,,,3.026,301.5,,,,4770.0,0.0,,291.0,247.0,3.105,,,,,,,,,,,,""
17078954486,"17 janv. 2026, 09:49:47",Course à pied le matin,Course à pied,,3830,"9,95",,,false,,,activities/18173415075.fit.gz,,,3830.0,3066.0,9952.2,4.14,3.246,97.0,87.0,78.0,112.6,13.4,0.0,,,89.0,86.0,,,,333.0,706.0,,17.0,,1021998.0,,,,,,,,326.0,3454.0,,,0.0,,1.0,10135.7,,,,,,,,,,,,,,,,,,,,,,,,,,,2.598,1560.8,,,,8736.0,0.0,,576.0,245.0,3.306,,,,,,,,,,,,""
16947208025,"5 janv. 2026, 16:34:25",Course à pied dans l'après-midi,Course à pied,,1888,"5,22",,,false,,,activities/18040492005.fit.gz,,,1888.0,1888.0,5222.4,3.4,2.766,37.0,40.0,63.6,95.4,11.1,-0.1,,,90.0,85.0,,,,282.0,391.0,,24.0,,532056.0,,,,,,,,284.0,1889.0,,,0.0,,1.0,5291.6,,,,,,,,,,,,,,,,,,,,,,,,,,,2.766,0.0,,,,5332.0,0.0,,239.0,214.0,2.803,,,,,,,,,,,,""
18008901956,"28 déc. 2025, 14:34:29",Course à pied dans l'après-midi,Course à pied,,3387,"9,10",,,false,,,activities/19109642314.fit.gz,,,3387.0,3369.0,9106.8,4.7,2.703,79.2,78.6,166.8,212.2,15.9,0.0,,,94.0,85.0,,,,276.0,661.0,,21.0,,931673.0,,,,,,,,277.0,3388.0,,,0.0,,1.0,9226.9,,,,,,,,,,,,,,,,,,,,,,,,,,,2.689,217.2,,,,9512.0,0.0,,407.0,208.0,2.739,,,,,,,,,,,,""
16846246055,"26 déc. 2025, 15:33:09",Course à pied dans l'après-midi,Course à pied,,1502,"3,63",,,false,,,activities/17938009607.fit.gz,,,1502.0,1476.0,3635.1,6.38,2.463,76.9,76.8,190.3,212.3,12.8,0.0,,,112.0,80.0,,,,267.0,315.0,,15.0,,370307.0,,,,,,,,290.0,1503.0,,,0.0,,1.0,3895.2,,,,,,,,,,,,,,,,,,,,,,,,,,,2.42,216.7,,,,3664.0,0.0,,198.0,218.0,2.639,,,,,,,,,,,,""
16838118597,"25 déc. 2025, 15:13:37",Course à pied dans l'après-midi,Course à pied,,3735,"9,50",,,false,,,activities/17929702353.fit.gz,,,3735.0,3389.0,9508.6,8.16,2.806,126.3,126.3,157.5,212.2,8.8,0.0,,,115.0,86.0,,,,290.0,675.0,,20.0,,981884.0,,,,,,,,287.0,3673.0,,,0.0,,1.0,9693.0,,,,,,,,,,,,,,,,,,,,,,,,,,,2.546,815.0,,,,9652.0,0.0,,475.0,216.0,2.86,,,,,,,,,,,,""
16801403728,"21 déc. 2025, 10:52:11",Course à pied le midi,Course à pied,,2758,"8,24",,,false,,,activities/17892494099.fit.gz,,,2758.0,2752.0,8246.3,3.66,2.996,58.0,51.0,63.4,101.4,49.0,0.1,,,91.0,87.0,,,,306.0,615.0,,24.0,,842588.0,,,,,,,,308.0,2759.0,,,0.0,,1.0,8443.2,,,,,,,,,,,,,,,,,,,,,,,,,,,2.99,78.5,,,,8008.0,0.0,,411.0,232.0,3.068,,,,,,,,,,,,""
16779074348,"18 déc. 2025, 19:16:13",Course à pied en soirée,Course à pied,,776,"2,21",,,false,,,activities/17869797502.fit.gz,,,776.0,757.0,2218.0,5.233,2.93,25.0,27.0,77.4,101.4,12.8,-0.2,,,87.0,84.0,,,,292.0,156.0,,22.0,,220667.0,,,,,,,,289.0,777.0,,,0.0,,1.0,2261.7,,,,,,,,,,,,,,,,,,,,,,,,,,,2.858,678.0,,,,2108.0,0.0,,101.0,217.0,2.988,,,,,,,,,,,,""
16778246535,"18 déc. 2025, 17:02:18",Course à pied en soirée,Course à pied,,2737,"8,45",,,false,,,activities/17868967461.fit.gz,,,2737.0,2436.0,8452.5,5.28,3.47,50.0,55.0,99.6,118.2,50.0,-0.1,,,95.0,86.0,,,,356.0,666.0,,20.0,,869326.0,,,,,,,,340.0,2738.0,,,0.0,,1.0,8619.3,,,,,,,,,,,,,,,,,,,,,,,,,,,3.088,2502.7,,,,6956.0,0.0,,497.0,256.0,3.538,,,,,,,,,,,,""
16769016402,"17 déc. 2025, 15:23:16",Course à pied dans l'après-midi,Course à pied,,5973,"15,38",,,false,,,activities/17859618238.fit.gz,,,5973.0,5418.0,15386.2,5.9,2.84,127.0,129.0,77.0,126.0,14.5,0.0,,,98.0,83.0,,,,292.0,1034.0,,16.0,,1581056.0,,,,,,,,299.0,5701.0,,,0.0,,1.0,15620.0,,,,,,,,,,,,,,,,,,,,,,,,,,,2.576,678.7,,,,14994.0,0.0,,801.0,225.0,2.883,,,,,,,,,,,,""
16695146347,"9 déc. 2025, 15:16:11",Course à pied dans l'après-midi,Course à pied,,4378,"13,51",,,false,,,activities/17784885691.fit.gz,,,4378.0,4275.0,13510.2,3.94,3.16,102.0,107.0,53.6,95.2,48.6,-0.1,,,90.0,85.0,,,,333.0,949.0,,23.0,,1423063.0,,,,,,,,334.0,4380.0,,,0.0,,1.0,13778.7,,,,,,,,,,,,,,,,,,,,,,,,,,,3.086,1690.0,,,,12170.0,0.0,,766.0,251.0,3.223,,,,,,,,,,,,""
16621286739,"1 déc. 2025, 18:25:10",Course à pied en soirée,Course à pied,,1990,"6,49",,,false,,,activities/17709887221.fit.gz,,,1990.0,1990.0,6493.7,4.44,3.263,63.0,64.0,69.8,100.0,14.4,0.0,,,90.0,85.0,,,,347.0,452.0,,23.0,,691402.0,,,,,,,,352.0,1991.0,,,0.0,,1.0,6614.0,,,,,,,,,,,,,,,,,,,,,,,,,,,3.263,581.3,,,,5660.0,0.0,,387.0,265.0,3.324,,,,,,,,,,,,""
16612347228,"30 nov. 2025, 16:40:06",Course à pied dans l'après-midi,Course à pied,,140,"0,71",,,false,,,activities/17700802229.fit.gz,,,140.0,140.0,712.9,6.36,5.092,5.0,3.0,14.4,20.2,3.2,0.1,,,103.0,94.0,,,,482.0,27.0,,16.0,,67439.0,,,,,,,,442.0,141.0,,,0.0,,1.0,717.8,,,,,,,,,,,,,,,,,,,,,,,,,,,5.092,0.0,,,,428.0,0.0,,43.0,332.0,5.127,,,,,,,,,,,,""
16612346943,"30 nov. 2025, 16:33:15",Course à pied dans l'après-midi,Course à pied,,320,"0,72",,,false,,,activities/17700801973.fit.gz,,,320.0,320.0,719.9,3.32,2.25,5.0,3.0,15.0,21.4,6.9,0.3,,,89.0,83.0,,,,232.0,47.0,,19.0,,74307.0,,,,,,,,222.0,321.0,,,0.0,,1.0,731.2,,,,,,,,,,,,,,,,,,,,,,,,,,,2.25,0.0,,,,884.0,0.0,,24.0,167.0,2.285,,,,,,,,,,,,""
16541724509,"23 nov. 2025, 09:00:18",Course à pied le matin,Course à pied,,1344,"5,18",,,false,,,activities/17628973094.fit.gz,,,1344.0,1344.0,5184.9,4.86,3.858,14.0,14.0,55.2,63.2,13.3,0.0,,,98.0,88.0,,,,387.0,369.0,,12.0,,520111.0,,,,,,,,388.0,1345.0,,,0.0,,1.0,5223.0,,,,,,,,,,,,,,,,,,,,,,,,,,,3.858,325.7,,,,3954.0,0.0,,318.0,292.0,3.886,,,,,,,,,,,,""
16487208359,"17 nov. 2025, 17:58:59",Course à pied en soirée,Course à pied,,2351,"6,89",,,false,,,activities/17573897987.fit.gz,,,2351.0,2351.0,6895.5,3.64,2.933,61.0,66.0,62.8,104.0,15.5,-0.1,,,93.0,86.0,,,,301.0,497.0,,25.0,,706939.0,,,,,,,,303.0,2352.0,,,0.0,,1.0,6994.8,,,,,,,,,,,,,,,,,,,,,,,,,,,2.933,10.9,,,,6702.0,0.0,,339.0,228.0,2.975,,,,,,,,,,,,""
16448258282,"13 nov. 2025, 17:53:26",Course à pied en soirée,Course à pied,,1849,"4,81",,,false,,,activities/17534574334.fit.gz,,,1849.0,1849.0,4809.3,4.267,2.601,57.0,52.0,67.8,108.2,10.4,0.1,,,89.0,84.0,,,,272.0,331.0,,24.0,,503452.0,,,,,,,,274.0,1850.0,,,0.0,,1.0,4923.6,,,,,,,,,,,,,,,,,,,,,,,,,,,2.601,250.3,,,,5162.0,0.0,,218.0,206.0,2.663,,,,,,,,,,,,""
16426339805,"11 nov. 2025, 15:29:26",Course à pied dans l'après-midi,Course à pied,,4263,"14,25",,,false,,,activities/17512529473.fit.gz,,,4263.0,4176.0,14253.9,5.02,3.413,51.0,47.0,93.4,118.0,11.1,0.0,,,98.0,89.0,,,,341.0,944.0,,23.0,,1410204.0,,,,,,,,362.0,4265.0,,,0.0,,1.0,14344.1,,,,,,,,,,,,,,,,,,,,,,,,,,,3.344,289.6,,,,12304.0,0.0,,877.0,272.0,3.435,,,,,,,,,,,,""
16416513320,"10 nov. 2025, 17:46:02",Course à pied en soirée,Course à pied,,2566,"7,69",,,false,,,activities/17502643797.fit.gz,,,2566.0,2566.0,7693.6,3.833,2.998,64.0,65.0,61.6,103.8,14.0,0.0,,,94.0,89.0,,,,313.0,533.0,,23.0,,801912.0,,,,,,,,315.0,2567.0,,,0.0,,1.0,7807.1,,,,,,,,,,,,,,,,,,,,,,,,,,,2.998,644.5,,,,7636.0,0.0,,400.0,237.0,3.043,,,,,,,,,,,,""
16407201922,"9 nov. 2025, 16:19:49",Course à pied dans l'après-midi,Course à pied,,2640,"8,69",,,false,,,activities/17493251499.fit.gz,,,2640.0,2629.0,8696.2,7.18,3.308,39.0,39.0,67.2,98.4,14.1,0.0,,,101.0,89.0,,,,329.0,598.0,,21.0,,862634.0,,,,,,,,340.0,2641.0,,,0.0,,1.0,8775.2,,,,,,,,,,,,,,,,,,,,,,,,,,,3.294,3633.8,,,,7620.0,0.0,,480.0,256.0,3.338,,,,,,,,,,,,""
16393947029,"8 nov. 2025, 12:13:23",Course à pied dans l'après-midi,Course à pied,,5120,"14,44",,,false,,,activities/17479842367.fit.gz,,,5120.0,4821.0,14448.6,3.82,2.997,132.0,129.0,59.8,103.0,44.7,0.0,,,112.0,89.0,,,,304.0,1015.0,,25.0,,1460578.0,,,,,,,,302.0,5101.0,,,0.0,,1.0,14795.0,,,,,,,,,,,,,,,,,,,,,,,,,,,2.822,2803.1,,,,14170.0,0.0,,730.0,227.0,3.069,,,,,,,,,,,,""
16386119813,"7 nov. 2025, 17:33:51",Course à pied en soirée,Course à pied,,1992,"5,53",,,false,,,activities/17471930080.fit.gz,,,1992.0,1992.0,5534.9,3.86,2.779,60.0,65.0,66.6,100.8,11.4,-0.1,,,94.0,89.0,,,,285.0,390.0,,24.0,,567199.0,,,,,,,,286.0,1993.0,,,0.0,,1.0,5631.6,,,,,,,,,,,,,,,,,,,,,,,,,,,2.779,624.4,,,,5930.0,0.0,,255.0,215.0,2.827,,,,,,,,,,,,""
16376388468,"6 nov. 2025, 17:33:48",Course à pied en soirée,Course à pied,,2967,"8,09",,,false,,,activities/17462131295.fit.gz,,,2967.0,2967.0,8090.9,3.5,2.727,65.0,64.0,65.8,104.2,9.7,0.0,,,90.0,86.0,,,,282.0,572.0,,23.0,,835471.0,,,,,,,,283.0,2968.0,,,0.0,,1.0,8200.4,,,,,,,,,,,,,,,,,,,,,,,,,,,2.727,1053.5,,,,8530.0,0.0,,373.0,213.0,2.764,,,,,,,,,,,,""
16364593330,"5 nov. 2025, 14:11:49",Sortie vélo dans l'après-midi,Vélo,,6925,"44,42",,,false,,,activities/17450278563.fit.gz,,9.0,6925.0,6704.0,44421.7,14.3,6.626,400.0,392.0,47.2,121.0,13.6,0.0,,,,,,,,,754.0,,,,,,,,,,,,,,,,0.0,,1.0,,,,,,,,,,,,,,,,,,,,,,,,,,,,6.415,604.2,,,,,0.0,,,,,,,,,,,,,,,,""
16354975495,"4 nov. 2025, 17:24:20",Course à pied en soirée,Course à pied,,3459,"11,94",,,false,,,activities/17440596612.fit.gz,,,3459.0,3409.0,11943.3,4.74,3.503,86.0,88.0,63.8,95.8,14.8,0.0,,,98.0,89.0,,,,362.0,784.0,,23.0,,1233095.0,,,,,,,,375.0,3460.0,,,0.0,,1.0,12083.6,,,,,,,,,,,,,,,,,,,,,,,,,,,3.453,2521.1,,,,10092.0,0.0,,764.0,282.0,3.545,,,,,,,,,,,,""
16343614889,"3 nov. 2025, 17:18:43",Course à pied en soirée,Course à pied,,1859,"5,07",,,false,,,activities/17429182407.fit.gz,,,1859.0,1859.0,5074.7,3.38,2.73,37.0,38.0,64.0,95.4,11.9,0.0,,,89.0,87.0,,,,286.0,360.0,,24.0,,531687.0,,,,,,,,289.0,1860.0,,,0.0,,1.0,5131.7,,,,,,,,,,,,,,,,,,,,,,,,,,,2.73,6.8,,,,5382.0,0.0,,243.0,217.0,2.76,,,,,,,,,,,,""
16334381712,"2 nov. 2025, 15:24:45",Course à pied dans l'après-midi,Course à pied,,5945,"16,70",,,false,,,activities/17419794698.fit.gz,,,5945.0,5803.0,16705.3,5.16,2.879,220.0,230.0,57.0,106.6,48.1,0.0,,,92.0,86.0,,,,301.0,1165.0,,23.0,,1746889.0,,,,,,,,302.0,5946.0,,,0.0,,1.0,17369.6,,,,,,,,,,,,,,,,,,,,,,,,,,,2.81,6301.0,,,,16660.0,0.0,,851.0,227.0,2.993,,,,,,,,,,,,""
16313625518,"31 oct. 2025, 16:12:13",Course à pied dans l'après-midi,Course à pied,,2990,"8,66",,,false,,,activities/17398593877.fit.gz,,,2990.0,2934.0,8665.4,6.18,2.953,47.0,49.0,90.6,113.4,17.9,0.0,,,106.0,82.0,,,,291.0,594.0,,22.0,,849104.0,,,,,,,,308.0,2991.0,,,0.0,,1.0,8803.5,,,,,,,,,,,,,,,,,,,,,,,,,,,2.898,432.2,,,,7824.0,0.0,,446.0,232.0,3.001,,,,,,,,,,,,""
16294464225,"29 oct. 2025, 17:07:13",Course à pied en soirée,Course à pied,,2036,"5,58",,,false,,,activities/17379266963.fit.gz,,,2036.0,2033.0,5580.0,3.38,2.745,65.0,70.0,61.0,104.0,13.9,-0.1,,,88.0,85.0,,,,290.0,399.0,,26.0,,590674.0,,,,,,,,294.0,2037.0,,,0.0,,1.0,5703.9,,,,,,,,,,,,,,,,,,,,,,,,,,,2.741,411.4,,,,5762.0,0.0,,276.0,221.0,2.806,,,,,,,,,,,,""
16283912724,"28 oct. 2025, 16:41:33",Course à pied dans l'après-midi,Course à pied,,3390,"10,96",,,false,,,activities/17368646853.fit.gz,,,3390.0,3390.0,10968.8,4.8,3.236,45.0,47.0,92.8,111.8,12.2,0.0,,,96.0,85.0,,,,326.0,734.0,,22.0,,1105594.0,,,,,,,,354.0,3391.0,,,0.0,,1.0,11058.1,,,,,,,,,,,,,,,,,,,,,,,,,,,3.236,0.0,,,,9592.0,0.0,,666.0,266.0,3.262,,,,,,,,,,,,""
16243094181,"24 oct. 2025, 09:32:25",Marche le midi,Marche,,15469,"13,72",,,false,,,activities/17327353988.fit.gz,,,15469.0,14190.0,13727.7,2.18,0.967,771.0,734.0,426.4,1015.0,50.0,0.0,,,119.0,53.0,,,,,1272.0,,,,,,,,,,,,,,,,0.0,,1.0,,,,,,,,,,,,,,,,,,,,,,,,,,,,0.887,11463.5,,,,20068.0,0.0,,,,,,,,,,,,,,,,""
16222959847,"22 oct. 2025, 15:07:46",Course à pied dans l'après-midi,Course à pied,,1259,"4,01",,,false,,,activities/17307102326.fit.gz,,,1259.0,1259.0,4012.9,4.36,3.187,31.0,32.0,2.0,16.6,14.5,0.0,,,93.0,86.0,,,,334.0,281.0,,23.0,,420411.0,,,,,,,,341.0,1260.0,,,0.0,,1.0,4148.0,,,,,,,,,,,,,,,,,,,,,,,,,,,3.187,283.5,,,,3610.0,0.0,,229.0,256.0,3.295,,,,,,,,,,,,""
16203205505,"20 oct. 2025, 17:14:44",Course à pied en soirée,Course à pied,,2187,"6,30",,,false,,,activities/17287238598.fit.gz,,,2187.0,2187.0,6299.4,4.28,2.88,31.0,36.0,-5.2,15.6,30.0,-0.1,,,91.0,85.0,,,,300.0,455.0,,25.0,,655151.0,,,,,,,,317.0,2188.0,,,0.0,,1.0,6424.7,,,,,,,,,,,,,,,,,,,,,,,,,,,2.88,438.3,,,,6186.0,0.0,,344.0,238.0,2.938,,,,,,,,,,,,""
16193754408,"19 oct. 2025, 14:17:52",Course à pied dans l'après-midi,Course à pied,,8601,"23,90",,,false,,,activities/17277724401.fit.gz,,,8601.0,8360.0,23904.9,4.14,2.859,134.0,121.0,1.2,32.4,47.2,0.1,,,89.0,84.0,,,,299.0,1644.0,,26.0,,2489716.0,,,,,,,,300.0,8602.0,,,0.0,,1.0,24515.7,,,,,,,,,,,,,,,,,,,,,,,,,,,2.779,3285.2,,,,23228.0,0.0,,1218.0,226.0,2.933,,,,,,,,,,,,""
16161582228,"16 oct. 2025, 14:50:11",Course à pied dans l'après-midi,Course à pied,,5774,"3,74",,,false,,,activities/17245175982.fit.gz,,,5774.0,1001.0,3746.5,8.12,3.743,6.0,6.0,116.8,121.6,33.3,0.0,,,119.0,92.0,,,,363.0,201.0,,26.0,,343386.0,,,,,,,,294.0,1916.0,,,0.0,,1.0,3785.4,,,,,,,,,,,,,,,,,,,,,,,,,,,0.649,0.0,,,,2752.0,0.0,,260.0,221.0,3.782,,,,,,,,,,,,""
16113407716,"12 oct. 2025, 07:45:14",Course à pied le matin,Course à pied,,2625,"10,21",,,false,,,activities/17196502900.fit.gz,,,2625.0,2625.0,10214.5,5.96,3.891,109.0,113.0,72.6,130.2,14.0,0.0,,,98.0,89.0,,,,402.0,748.0,,20.0,,1054986.0,,,,,,,,404.0,2626.0,,,0.0,,1.0,10447.3,,,,,,,,,,,,,,,,,,,,,,,,,,,3.891,3747.1,,,,7798.0,0.0,,673.0,304.0,3.98,,,,,,,,,,,,""
16107236366,"11 oct. 2025, 14:49:37",Course à pied dans l'après-midi,Course à pied,,1414,"4,07",,,false,,,activities/17190236257.fit.gz,,,1414.0,1414.0,4072.7,3.55,2.88,36.0,33.0,68.8,98.8,11.5,0.1,,,93.0,88.0,,,,288.0,289.0,,22.0,,407362.0,,,,,,,,288.0,1415.0,,,0.0,,1.0,4144.5,,,,,,,,,,,,,,,,,,,,,,,,,,,2.88,89.6,,,,4178.0,0.0,,184.0,217.0,2.931,,,,,,,,,,,,""
16097878742,"10 oct. 2025, 16:54:36",Course à pied en soirée,Course à pied,,2445,"7,41",,,false,,,activities/17180773082.fit.gz,,,2445.0,2440.0,7417.6,4.74,3.04,58.0,58.0,59.8,96.0,48.1,0.0,,,96.0,88.0,,,,312.0,517.0,,23.0,,759232.0,,,,,,,,322.0,2446.0,,,0.0,,1.0,7610.7,,,,,,,,,,,,,,,,,,,,,,,,,,,3.034,42.4,,,,7154.0,0.0,,398.0,242.0,3.119,,,,,,,,,,,,""
16065697506,"7 oct. 2025, 16:35:26",Course à pied en soirée,Course à pied,,3534,"11,49",,,false,,,activities/17148293920.fit.gz,,,3534.0,3528.0,11492.0,5.22,3.257,86.0,84.0,76.4,123.6,17.3,0.0,,,100.0,89.0,,,,333.0,772.0,,24.0,,1177246.0,,,,,,,,352.0,3535.0,,,0.0,,1.0,11634.7,,,,,,,,,,,,,,,,,,,,,,,,,,,3.252,294.1,,,,10422.0,0.0,,688.0,265.0,3.298,,,,,,,,,,,,""
16043895449,"5 oct. 2025, 15:29:24",Course à pied dans l'après-midi,Course à pied,,2634,"7,16",,,false,,,activities/17126249676.fit.gz,,,2634.0,2609.0,7168.6,3.42,2.748,42.0,41.0,63.0,97.4,11.7,0.0,,,88.0,84.0,,,,281.0,515.0,,24.0,,733857.0,,,,,,,,282.0,2635.0,,,0.0,,1.0,7250.8,,,,,,,,,,,,,,,,,,,,,,,,,,,2.722,731.5,,,,7336.0,0.0,,329.0,212.0,2.779,,,,,,,,,,,,""
16010103320,"2 oct. 2025, 13:30:36",Course à pied dans l'après-midi,Course à pied,,3461,"11,63",,,false,,,activities/17091972743.fit.gz,,,3461.0,3461.0,11636.6,5.62,3.362,88.0,84.0,72.6,122.0,13.0,0.0,,,99.0,88.0,,,,348.0,793.0,,29.0,,1204209.0,,,,,,,,363.0,3462.0,,,0.0,,1.0,11809.7,,,,,,,,,,,,,,,,,,,,,,,,,,,3.362,0.0,,,,10156.0,0.0,,716.0,273.0,3.412,,,,,,,,,,,,""
15989674004,"30 sept. 2025, 15:35:15",Course à pied dans l'après-midi,Course à pied,,1212,"3,25",,,false,,,activities/17071288585.fit.gz,,,1212.0,1211.0,3251.8,3.44,2.685,33.0,34.0,68.4,98.2,13.0,0.0,,,88.0,84.0,,,,276.0,223.0,,26.0,,334760.0,,,,,,,,276.0,1213.0,,,0.0,,1.0,3319.7,,,,,,,,,,,,,,,,,,,,,,,,,,,2.683,9.0,,,,3388.0,0.0,,145.0,208.0,2.741,,,,,,,,,,,,""
15977776004,"29 sept. 2025, 16:43:10",Sortie vélo en soirée,Vélo,,2389,"18,06",,,false,,,activities/17059250167.fit.gz,,9.0,2389.0,2353.0,18067.6,13.22,7.679,170.0,183.0,83.2,117.2,14.8,0.0,,,,,,,,,436.0,,,,,,,,,,,,,,,,0.0,,1.0,,,,,,,,,,,,,,,,,,,,,,,,,,,,7.563,125.8,,,,,0.0,,,,,,,,,,,,,,,,""
15968536100,"28 sept. 2025, 17:13:03",Course à pied en soirée,Course à pied,,2804,"8,03",,,false,,,activities/17049824379.fit.gz,,,2804.0,2792.0,8035.1,6.28,2.878,37.0,43.0,87.0,110.4,9.8,-0.1,,,108.0,82.0,,,,280.0,545.0,,23.0,,781980.0,,,,,,,,299.0,2805.0,,,0.0,,1.0,8093.6,,,,,,,,,,,,,,,,,,,,,,,,,,,2.866,0.0,,,,7450.0,0.0,,394.0,225.0,2.899,,,,,,,,,,,,""
15933207291,"25 sept. 2025, 14:05:39",Course à pied dans l'après-midi,Course à pied,,5811,"17,79",,,false,,,activities/17013679761.fit.gz,,,5811.0,5646.0,17790.8,4.6,3.151,154.0,149.0,73.6,123.8,10.3,0.0,,,90.0,87.0,,,,321.0,1201.0,,25.0,,1810590.0,,,,,,,,320.0,5812.0,,,0.0,,1.0,18049.5,,,,,,,,,,,,,,,,,,,,,,,,,,,3.062,1082.4,,,,16312.0,0.0,,936.0,241.0,3.197,,,,,,,,,,,,""
15924807565,"24 sept. 2025, 18:33:28",Course à pied en soirée,Course à pied,,2230,"5,91",,,false,,,activities/17005075282.fit.gz,,,2230.0,2230.0,5910.9,3.34,2.651,43.0,43.0,65.4,104.0,7.7,0.0,,,90.0,86.0,,,,269.0,406.0,,25.0,,599758.0,,,,,,,,270.0,2231.0,,,0.0,,1.0,5968.9,,,,,,,,,,,,,,,,,,,,,,,,,,,2.651,349.8,,,,6416.0,0.0,,255.0,203.0,2.677,,,,,,,,,,,,""
15912645443,"23 sept. 2025, 16:56:58",Course à pied en soirée,Course à pied,,3883,"11,21",,,false,,,activities/16992605555.fit.gz,,,3883.0,3883.0,11217.9,4.68,2.889,67.0,66.0,94.2,112.0,11.3,0.0,,,106.0,82.0,,,,293.0,755.0,,18.0,,1133744.0,,,,,,,,336.0,3884.0,,,0.0,,1.0,11370.0,,,,,,,,,,,,,,,,,,,,,,,,,,,2.889,0.0,,,,10590.0,0.0,,689.0,253.0,2.928,,,,,,,,,,,,""
15900324209,"22 sept. 2025, 15:48:24",Sortie vélo dans l'après-midi,Vélo,,2560,"18,18",,,false,,,activities/16980019522.fit.gz,,9.0,2560.0,2529.0,18188.6,11.56,7.192,172.0,173.0,82.6,118.2,16.7,0.0,,,,,,,,,440.0,,,,,,,,,,,,,,,,0.0,,1.0,,,,,,,,,,,,,,,,,,,,,,,,,,,,7.105,126.8,,,,,0.0,,,,,,,,,,,,,,,,""
15886517441,"21 sept. 2025, 10:18:46",Course à pied le midi,Course à pied,,2539,"6,87",,,false,,,activities/16965809384.fit.gz,,,2539.0,2539.0,6870.9,3.32,2.706,24.0,23.0,1.4,18.6,8.3,0.0,,,87.0,83.0,,,,279.0,477.0,,26.0,,706939.0,,,,,,,,278.0,2540.0,,,0.0,,1.0,6924.9,,,,,,,,,,,,,,,,,,,,,,,,,,,2.706,912.3,,,,7078.0,0.0,,308.0,209.0,2.727,,,,,,,,,,,,""
15858003639,"18 sept. 2025, 18:49:25",Course à pied en soirée,Course à pied,,817,"2,47",,,false,,,activities/16936485506.fit.gz,,,817.0,817.0,2469.1,4.26,3.022,28.0,29.0,71.6,94.6,8.7,-0.1,,,86.0,82.0,,,,314.0,173.0,,25.0,,256407.0,,,,,,,,314.0,818.0,,,0.0,,1.0,2512.2,,,,,,,,,,,,,,,,,,,,,,,,,,,3.022,0.0,,,,2242.0,0.0,,126.0,236.0,3.075,,,,,,,,,,,,""
15858003624,"18 sept. 2025, 13:36:11",Course à pied dans l'après-midi,Course à pied,,817,"2,21",,,false,,,activities/16936485424.fit.gz,,,817.0,817.0,2215.0,3.26,2.711,23.0,24.0,73.6,97.6,10.6,0.0,,,85.0,82.0,,,,285.0,150.0,,31.0,,232557.0,,,,,,,,281.0,818.0,,,0.0,,1.0,2249.6,,,,,,,,,,,,,,,,,,,,,,,,,,,2.711,668.3,,,,2236.0,0.0,,101.0,211.0,2.753,,,,,,,,,,,,""
15777092558,"11 sept. 2025, 16:06:48",Sortie vélo en soirée,Vélo,,2546,"18,40",,,false,,,activities/16852304841.fit.gz,,9.0,2546.0,2483.0,18399.6,14.04,7.41,193.0,199.0,77.4,121.4,41.2,0.0,,,,,,,,,440.0,,,,,,,,,,,,,,,,0.0,,1.0,,,,,,,,,,,,,,,,,,,,,,,,,,,,7.227,0.0,,,,,0.0,,,,,,,,,,,,,,,,""
15764639991,"10 sept. 2025, 13:43:13",Sortie vélo dans l'après-midi,Vélo,,3902,"25,85",,,false,,,activities/16839162551.fit.gz,,9.0,3902.0,3476.0,25855.9,13.533,7.438,303.0,306.0,69.0,129.2,23.0,0.0,,,,,,,,,563.0,,,,,,,,,,,,,,,,0.0,,1.0,,,,,,,,,,,,,,,,,,,,,,,,,,,,6.626,922.6,,,,,0.0,,,,,,,,,,,,,,,,""
15764639967,"8 sept. 2025, 19:14:10",Course à pied de nuit,Course à pied,,856,"2,23",,,false,,,activities/16839162573.fit.gz,,,856.0,856.0,2233.1,3.02,2.609,26.0,24.0,77.0,100.6,9.3,0.1,,,85.0,82.0,,,,271.0,157.0,,25.0,,232308.0,,,,,,,,269.0,857.0,,,0.0,,1.0,2275.9,,,,,,,,,,,,,,,,,,,,,,,,,,,2.609,159.9,,,,2348.0,0.0,,97.0,202.0,2.659,,,,,,,,,,,,""
15726423982,"7 sept. 2025, 07:46:57",Course à pied le matin,Course à pied,,7976,"19,35",,,false,,,activities/16798746518.fit.gz,,,7976.0,6708.0,19357.1,3.94,2.886,226.0,232.0,62.4,116.0,42.2,0.0,,,98.0,85.0,,,,304.0,1410.0,,30.0,,2039581.0,,,,,,,,298.0,7665.0,,,0.0,,1.0,20075.6,,,,,,,,,,,,,,,,,,,,,,,,,,,2.427,4580.1,,,,18974.0,0.0,,1068.0,224.0,2.993,,,,,,,,,,,,""
15718317422,"6 sept. 2025, 13:29:45",Course à pied dans l'après-midi,Course à pied,,1192,"3,52",,,false,,,activities/16790112136.fit.gz,,,1192.0,1192.0,3521.0,3.44,2.954,40.0,34.0,69.2,100.6,11.2,0.2,,,87.0,84.0,,,,314.0,258.0,,31.0,,374396.0,,,,,,,,313.0,1193.0,,,0.0,,1.0,3603.7,,,,,,,,,,,,,,,,,,,,,,,,,,,2.954,17.1,,,,3340.0,0.0,,183.0,235.0,3.023,,,,,,,,,,,,""
15716857858,"6 sept. 2025, 12:36:07",Sortie vélo dans l'après-midi,Vélo,,2322,"17,79",,,false,,,activities/16788592874.fit.gz,,9.0,2322.0,2322.0,17793.0,12.883,7.663,144.0,141.0,85.2,119.6,8.8,0.0,,,,,,,,,480.0,,,,,,,,,,,,,,,,0.0,,1.0,,,,,,,,,,,,,,,,,,,,,,,,,,,,7.663,0.0,,,,,0.0,,,,,,,,,,,,,,,,""
15704126092,"4 sept. 2025, 09:00:53",Entraînement aux poids le midi,Entraînement aux poids,,1251,0,,,false,,,activities/16775101570.fit.gz,,,1251.0,1251.0,0.0,0.0,0.0,0.0,0.0,0.0,0.0,0.0,0.0,,,,,,,,,123.0,,,,,,,,,,,,,,,,0.0,,1.0,,,,,,,,,,,,,,,,,,,,,,,,,,,,0.0,0.0,,,,,0.0,,,,,,260.0,,,,,,,,,,""
15680697971,"3 sept. 2025, 09:18:22",Course à pied le midi,Course à pied,,2622,"7,67",,,false,,,activities/16749830055.fit.gz,,,2622.0,2622.0,7676.6,5.8,2.928,67.0,65.0,94.0,112.8,35.2,0.0,,,114.0,82.0,,,,291.0,560.0,,26.0,,761328.0,,,,,,,,311.0,2623.0,,,0.0,,1.0,8022.2,,,,,,,,,,,,,,,,,,,,,,,,,,,2.928,0.0,,,,7026.0,0.0,,398.0,234.0,3.06,,,,,,,,,,,,""
15660494184,"1 sept. 2025, 15:41:00",Course à pied dans l'après-midi,Course à pied,,1162,"3,81",,,false,,,activities/16727352447.fit.gz,,,1162.0,1162.0,3811.5,5.22,3.28,33.0,35.0,-1.4,22.6,25.4,-0.1,,,94.0,84.0,,,,343.0,257.0,,23.0,,398878.0,,,,,,,,358.0,1163.0,,,0.0,,1.0,3950.8,,,,,,,,,,,,,,,,,,,,,,,,,,,3.28,680.2,,,,3268.0,0.0,,233.0,269.0,3.4,,,,,,,,,,,,""
15640690014,"30 août 2025, 17:25:17",Course à pied en soirée,Course à pied,,4097,"11,45",,,false,,,activities/16705512102.fit.gz,,,4097.0,4097.0,11451.3,3.7,2.795,58.0,57.0,3.8,20.2,21.4,0.0,,,87.0,82.0,,,,295.0,809.0,,25.0,,1206315.0,,,,,,,,296.0,4098.0,,,0.0,,1.0,11674.4,,,,,,,,,,,,,,,,,,,,,,,,,,,2.795,5964.4,,,,11274.0,0.0,,564.0,223.0,2.849,,,,,,,,,,,,""
15613982245,"28 août 2025, 09:18:50",Course à pied le midi,Course à pied,,2721,"8,48",,,false,,,activities/16676503233.fit.gz,,,2721.0,2717.0,8485.5,5.94,3.123,37.0,38.0,0.4,19.6,11.9,0.0,,,97.0,85.0,,,,327.0,600.0,,26.0,,889403.0,,,,,,,,341.0,2722.0,,,0.0,,1.0,8568.6,,,,,,,,,,,,,,,,,,,,,,,,,,,3.119,1315.8,,,,7540.0,0.0,,496.0,256.0,3.154,,,,,,,,,,,,""
15590656968,"26 août 2025, 08:41:41",Sortie vélo le matin,Vélo,,7670,"50,23",,,false,,,activities/16651631161.fit.gz,,9.0,7670.0,7445.0,50230.0,11.92,6.747,344.0,345.0,-1.4,29.6,13.2,0.0,,,,,,,,,1111.0,,,,,,,,,,,,,,,,0.0,,1.0,,,,,,,,,,,,,,,,,,,,,,,,,,,,6.549,1471.8,,,,,0.0,,,,,,,,,,,,,,,,""
15581459988,"25 août 2025, 13:58:33",Course à pied dans l'après-midi,Course à pied,"",2988,"8,52",,,false,,,activities/16641772809.fit.gz,,,2988.0,2988.0,8524.2,3.48,2.853,84.0,81.0,10.6,31.6,11.7,0.0,,,88.0,85.0,,,,299.0,641.0,,30.0,,893399.0,,,,,,,,301.0,2989.0,0.0,,0.0,,1.0,8696.3,,,,,,,,,,,,,,,,,,,,,,,,,,,2.853,5613.7,,,,8412.0,0.0,,424.0,226.0,2.91,,,0.0,,,,,,,,,""
15567242024,"24 août 2025, 08:11:47",Sortie vélo le matin,Vélo,,6582,"40,09",,,false,,,activities/16626413578.fit.gz,,9.0,6582.0,6311.0,40091.4,11.28,6.353,309.0,313.0,-2.4,23.0,11.1,0.0,,,,,,,,,830.0,,,,,,,,,,,,,,,,0.0,,1.0,,,,,,,,,,,,,,,,,,,,,,,,,,,,6.091,6853.0,,,,,0.0,,,,,,,,,,,,,,,,""
15561174141,"23 août 2025, 17:09:50",Course à pied en soirée,Course à pied,,2466,"7,51",,,false,,,activities/16619684170.fit.gz,,,2466.0,2466.0,7511.0,6.24,3.046,51.0,51.0,10.0,25.8,15.7,0.0,,,101.0,83.0,,,,314.0,521.0,,27.0,,774056.0,,,,,,,,319.0,2467.0,,,0.0,,1.0,7615.9,,,,,,,,,,,,,,,,,,,,,,,,,,,3.046,4301.9,,,,6806.0,0.0,,394.0,240.0,3.088,,,,,,,,,,,,""
15548208126,"22 août 2025, 15:20:55",Entraînement aux poids dans l'après-midi,Entraînement aux poids,,1325,0,,,false,,,activities/16605236231.fit.gz,,,1325.0,1325.0,0.0,0.0,0.0,0.0,0.0,0.0,0.0,0.0,0.0,,,,,,,,,178.0,,,,,,,,,,,,,,,,0.0,,1.0,,,,,,,,,,,,,,,,,,,,,,,,,,,,0.0,0.0,,,,,0.0,,,,,,322.0,,,,,,,,,,""
15545245904,"22 août 2025, 09:26:56",Course à pied le midi,Course à pied,,4477,"12,77",,,false,,,activities/16601900237.fit.gz,,,4477.0,4474.0,12776.3,4.26,2.856,49.0,48.0,0.0,18.6,10.0,0.0,,,85.0,82.0,,,,294.0,909.0,,29.0,,1315927.0,,,,,,,,294.0,4478.0,,,0.0,,1.0,12881.3,,,,,,,,,,,,,,,,,,,,,,,,,,,2.854,1689.6,,,,12274.0,0.0,,607.0,221.0,2.879,,,,,,,,,,,,""
15540516990,"21 août 2025, 15:15:51",Course à pied dans l'après-midi,Course à pied,,2025,"7,00",,,false,,,activities/16596442211.fit.gz,,,2025.0,2022.0,7008.1,4.56,3.466,23.0,26.0,1.0,20.2,9.5,0.0,,,92.0,84.0,,,,351.0,474.0,,28.0,,711359.0,,,,,,,,359.0,2026.0,,,0.0,,1.0,7079.8,,,,,,,,,,,,,,,,,,,,,,,,,,,3.461,2587.9,,,,5670.0,0.0,,410.0,270.0,3.501,,,,,,,,,,,,""
15509941713,"19 août 2025, 06:41:10",Marche le matin,Marche,,8940,"4,27",,,false,,,activities/16563658546.fit.gz,,,8940.0,5820.0,4270.8,1.4,0.734,172.0,212.0,1517.0,1616.6,45.8,-0.9,,,80.0,51.0,,,,,842.0,,,,,,,,,,,,,,,,0.0,,1.0,,,,,,,,,,,,,,,,,,,,,,,,,,,,0.478,4149.3,,,,5170.0,0.0,,,,,,,,,,,,,,,,""
15509907943,"18 août 2025, 06:34:15",Marche le matin,Marche,,25178,"12,20",,,false,,,activities/16563621608.fit.gz,,,25178.0,15092.0,12201.0,1.83,0.808,1019.0,327.0,928.4,1658.2,49.5,5.7,,,80.0,50.0,,,,,2129.0,,,,,,,,,,,,,,,,0.0,,1.0,,,,,,,,,,,,,,,,,,,,,,,,,,,,0.485,5477.1,,,,18826.0,0.0,,,,,,,,,,,,,,,,""
15493307811,"17 août 2025, 10:42:04",Marche le midi,Marche,,21399,"12,76",,,false,,,activities/16545853118.fit.gz,,,21399.0,11156.0,12764.7,1.983,1.144,70.0,778.0,898.2,1617.8,48.2,-5.5,,,83.0,55.0,,,,,1285.0,,,,,,,,,,,,,,,,0.0,,1.0,,,,,,,,,,,,,,,,,,,,,,,,,,,,0.597,10757.2,,,,17808.0,0.0,,,,,,,,,,,,,,,,""
15493308004,"17 août 2025, 06:37:01",Marche le matin,Marche,,14676,"11,18",,,false,,,activities/16545853288.fit.gz,,,14676.0,12091.0,11182.6,2.75,0.925,964.0,284.0,880.8,1693.0,49.5,6.1,,,79.0,51.0,,,,,1761.0,,,,,,,,,,,,,,,,0.0,,1.0,,,,,,,,,,,,,,,,,,,,,,,,,,,,0.762,8215.5,,,,15898.0,0.0,,,,,,,,,,,,,,,,""
15481755515,"16 août 2025, 15:29:31",Marche dans l'après-midi,Marche,,10457,"8,65",,,false,,,activities/16533417192.fit.gz,,,10457.0,9561.0,8651.3,2.9,0.905,672.0,446.0,603.0,983.4,49.5,2.6,,,90.0,52.0,,,,,1323.0,,,,,,,,,,,,,,,,0.0,,1.0,,,,,,,,,,,,,,,,,,,,,,,,,,,,0.827,6417.2,,,,12364.0,0.0,,,,,,,,,,,,,,,,""
15437273459,"12 août 2025, 19:52:44",Entraînement aux poids de nuit,Entraînement aux poids,,1483,0,,,false,,,activities/16485899467.fit.gz,,,1483.0,1483.0,0.0,0.0,0.0,0.0,0.0,0.0,0.0,0.0,0.0,,,,,,,,,130.0,,,,,,,,,,,,,,,,0.0,,1.0,,,,,,,,,,,,,,,,,,,,,,,,,,,,0.0,0.0,,,,,0.0,,,,,,314.0,,,,,,,,,,""
15431164896,"12 août 2025, 10:18:34",Course à pied le midi,Course à pied,,1896,"5,78",,,false,,,activities/16479439858.fit.gz,,,1896.0,1896.0,5786.6,3.8,3.052,28.0,27.0,2.8,18.6,23.8,0.0,,,88.0,84.0,,,,313.0,416.0,,29.0,,594154.0,,,,,,,,313.0,1897.0,,,0.0,,1.0,5845.7,,,,,,,,,,,,,,,,,,,,,,,,,,,3.052,636.5,,,,5288.0,0.0,,291.0,235.0,3.083,,,,,,,,,,,,""
15419935736,"11 août 2025, 08:46:25",Sortie vélo le matin,Vélo,,9815,"62,36",,,false,,,activities/16467464227.fit.gz,,9.0,9815.0,9472.0,62361.6,10.55,6.584,325.0,317.0,-26.6,9.2,46.7,0.0,,,,,,,,,1712.0,,,,,,,,,,,,,,,,0.0,,1.0,,,,,,,,,,,,,,,,,,,,,,,,,,,,6.354,5571.0,,,,,0.0,,,,,,,,,,,,,,,,""
15413469347,"10 août 2025, 17:02:26",Course à pied en soirée,Course à pied,,1951,"6,02",,,false,,,activities/16460452434.fit.gz,,,1951.0,1945.0,6022.9,3.72,3.097,28.0,27.0,13.0,31.6,28.3,0.0,,,85.0,81.0,,,,321.0,442.0,,32.0,,623773.0,,,,,,,,320.0,1952.0,,,0.0,,1.0,6091.0,,,,,,,,,,,,,,,,,,,,,,,,,,,3.087,868.9,,,,5284.0,0.0,,314.0,241.0,3.132,,,,,,,,,,,,""
15413217430,"10 août 2025, 16:48:25",Entraînement aux poids en soirée,Entraînement aux poids,,597,0,,,false,,,activities/16460187456.fit.gz,,,597.0,597.0,0.0,0.0,0.0,0.0,0.0,0.0,0.0,0.0,0.0,,,,,,,,,58.0,,,,,,,,,,,,,,,,0.0,,1.0,,,,,,,,,,,,,,,,,,,,,,,,,,,,0.0,0.0,,,,,0.0,,,,,,136.0,,,,,,,,,,""
15374357526,"7 août 2025, 08:05:41",Randonnée le matin,Randonnée,,6851,"6,32",,,false,,,activities/16418715065.fit.gz,,,6851.0,6133.0,6327.0,2.0,1.032,156.0,164.0,406.6,509.8,37.5,-0.1,,,104.0,53.0,,,,,584.0,,,,,,,,,,,,,,,,0.0,,1.0,,,,,,,,,,,,,,,,,,,,,,,,,,,,0.924,2992.9,,,,9742.0,0.0,,,,,,9742.0,,,,,,,,,,""
15362127205,"6 août 2025, 08:44:29",Sortie vélo le matin,Vélo,,2228,"5,44",,,false,,,activities/16405672950.fit.gz,,9.0,2228.0,1214.0,5448.9,12.02,4.488,225.0,173.0,331.4,591.6,20.8,1.3,,,,,,,,,278.0,,,,,,,,,,,,,,,,0.0,,1.0,,,,,,,,,,,,,,,,,,,,,,,,,,,,2.446,0.0,,,,,0.0,,,,,,,,,,,,,,,,""
15331796993,"3 août 2025, 10:03:57",Randonnée le midi,Randonnée,,18168,"20,13",,,false,,,activities/16373187486.fit.gz,,,18168.0,15420.0,20129.4,4.267,1.305,1150.0,1143.0,406.6,1338.6,49.5,0.0,,,123.0,58.0,,,,,2269.0,,,,,,,,,,,,,,,,0.0,,1.0,,,,,,,,,,,,,,,,,,,,,,,,,,,,1.108,9325.7,,,,28906.0,0.0,,,,,,28906.0,,,,,,,,,,""
15326644128,"3 août 2025, 06:39:25",Sortie vélo le matin,Vélo,,2781,"13,66",,,false,,,activities/16367732601.fit.gz,,9.0,2781.0,2416.0,13664.7,14.86,5.656,270.0,300.0,294.0,458.4,15.8,-0.4,,,,,,,,,447.0,,,,,,,,,,,,,,,,0.0,,1.0,,,,,,,,,,,,,,,,,,,,,,,,,,,,4.914,0.0,,,,,0.0,,,,,,,,,,,,,,,,""
15321220793,"2 août 2025, 15:01:18",Trail dans l'après-midi,Course à pied,,5032,"5,58",,,false,,,activities/16361841675.fit.gz,,,5032.0,4810.0,5588.6,4.4,1.162,358.0,369.0,431.2,745.2,50.0,-0.1,,,125.0,70.0,,,,139.0,877.0,,,,484015.0,,,,,,,,198.0,4938.0,,,0.0,,1.0,8085.2,,,,,,,,,,,,,,,,,,,,,,,,,,,1.111,0.0,,,,6812.0,0.0,,304.0,149.0,1.681,,,,,,,,,,,,""
15136194860,"16 juil. 2025, 17:39:59",Course à pied en soirée,Course à pied,,1635,"4,88",,,false,,,activities/16162310133.fit.gz,,,1635.0,1606.0,4885.4,4.26,3.042,31.0,30.0,26.0,50.6,13.9,0.0,,,97.0,81.0,,,,317.0,342.0,,27.0,,509739.0,,,,,,,,315.0,1636.0,,,0.0,,1.0,4940.8,1752685184.0,3.0,24.7,23.8,17.4,0.64,1019.2,3.3,6.2,327.0,0.0,1752639872.0,1752696064.0,0.625,,,0.0,1.0,0.9,11817.0,2.0,,,,,0.0,2.988,353.5,,,,4338.0,,,255.0,237.0,3.076,,,,,,,,,,,,""
15124533334,"15 juil. 2025, 17:10:18",Course à pied en soirée,Course à pied,,2225,"6,55",,,false,,,activities/16149587895.fit.gz,,,2225.0,2186.0,6554.2,3.74,2.998,49.0,55.0,23.6,59.8,13.0,-0.1,,,87.0,81.0,,,,315.0,462.0,,27.0,,688894.0,,,,,,,,313.0,2226.0,,,0.0,,1.0,6656.4,1752598784.0,3.0,24.9,22.7,11.4,0.43,1020.0,5.9,11.5,261.0,0.0,1752553344.0,1752609792.0,0.625,,,0.0,1.0,0.66,36361.0,2.0,,,,,0.0,2.946,30.4,,,,5876.0,,,341.0,235.0,3.045,,,,,,,,,,,,""
15088098409,"12 juil. 2025, 09:56:36",Sortie vélo le midi,Vélo,,4804,"16,34",,,false,,,activities/16109630384.fit.gz,,,4804.0,2840.0,16348.6,9.933,5.757,117.0,80.0,46.8,97.4,30.9,0.2,,,,,,,,,431.0,,,,,,,,,,,,,,,,0.0,,1.0,,1752310784.0,1.0,26.0,27.2,15.1,0.51,1014.1,3.8,7.4,78.0,0.0,1752294016.0,1752350720.0,0.625,,,0.0,1.0,0.0,32281.0,4.0,,,,,0.0,3.403,0.0,,,,,,,,,,,,,,,,,,,,,""
14933356521,"27 juin 2025, 14:49:43",Sortie vélo dans l'après-midi,Vélo,,4310,"24,62",,,false,,,activities/15939436582.fit.gz,,,4310.0,3947.0,24628.0,11.4,6.24,179.0,180.0,-25.6,16.4,13.6,0.0,,,,,,,,,536.0,,,,,,,,,,,,,,,,0.0,,1.0,,,,,,,,,,,,,,,,,,,,,,,,,,,0.0,5.714,651.6,,,,,,,,,,,,,,,,,,,,,""
14922980572,"26 juin 2025, 13:26:05",Sortie vélo dans l'après-midi,Vélo,,7162,"40,48",,,false,,,activities/15928094490.fit.gz,,,7162.0,6802.0,40479.1,12.957,5.951,223.0,222.0,-22.4,19.2,10.5,0.0,,,,,,,,,803.0,,,,,,,,,,,,,,,,0.0,,1.0,,,,,,,,,,,,,,,,,,,,,,,,,,,0.0,5.652,754.4,,,,,,,,,,,,,,,,,,,,,""
14881523713,"22 juin 2025, 13:21:37",Test des pédales automatiques,Vélo,"",2892,"13,95",,,false,,,activities/15883134498.fit.gz,,,2892.0,2408.0,13952.4,12.55,5.794,85.0,82.0,-0.4,17.6,40.0,0.0,,,,,,,,,279.0,,,,,,,,,,,,,,0.0,,0.0,,1.0,,,,,,,,,,,,,,,,,,,,,,,,,,,0.0,4.824,0.0,,,,,,,,,,,,,,,,,,,,,""
14768228654,"11 juin 2025, 17:23:28",Course à pied en soirée,Course à pied,,757,"2,36",,,false,,,activities/15760436220.fit.gz,,,757.0,757.0,2363.1,3.8,3.122,26.0,23.0,76.8,100.8,9.9,0.1,,,87.0,83.0,,,,319.0,168.0,,30.0,,241162.0,,,,,,,,315.0,758.0,,,0.0,,1.0,2403.3,,,,,,,,,,,,,,,,,,,,,,,,,,0.0,3.122,260.4,,,,2108.0,,,118.0,237.0,3.175,,,,,,,,,,,,""
14592624633,"25 mai 2025, 15:39:26",Course à pied dans l'après-midi,Course à pied,,2625,"8,09",,,false,,,activities/15571267373.fit.gz,,,2625.0,2616.0,8089.7,5.64,3.092,50.0,49.0,94.6,111.6,15.0,0.0,,,102.0,85.0,,,,321.0,592.0,,28.0,,837792.0,,,,,,,,346.0,2626.0,,,0.0,,1.0,8265.3,,,,,,,,,,,,,,,,,,,,,,,,,,0.0,3.082,0.0,,,,7264.0,,,493.0,260.0,3.16,,,,,,,,,,,,""
14528651806,"19 mai 2025, 13:14:58",Course à pied dans l'après-midi,Course à pied,,315,"0,72",,,false,,,activities/15502721888.fit.gz,,,315.0,248.0,726.9,4.14,2.931,2.0,1.0,60.4,63.2,5.0,0.1,,,94.0,89.0,,,,289.0,52.0,,31.0,,71897.0,,,,,,,,244.0,316.0,,,0.0,,1.0,732.4,,,,,,,,,,,,,,,,,,,,,,,,,,0.0,2.308,728.5,,,,728.0,,,29.0,183.0,2.953,,,,,,,,,,,,""
14528537749,"19 mai 2025, 12:22:45",Course à pied dans l'après-midi,Course à pied,,2835,"9,18",,,false,,,activities/15502599515.fit.gz,,,2835.0,2492.0,9179.9,5.6,3.684,10.0,9.0,181.6,188.0,6.6,0.0,,,94.0,88.0,,,,366.0,631.0,,29.0,,912948.0,,,,,,,,362.0,2709.0,,,0.0,,1.0,9219.3,,,,,,,,,,,,,,,,,,,,,,,,,,0.0,3.238,9179.9,,,,7312.0,,,557.0,272.0,3.7,,,,,,,,,,,,""
14481867307,"14 mai 2025, 17:45:54",Course à pied en soirée,Course à pied,,6697,"14,70",,,false,,,activities/15450876578.fit.gz,,,6697.0,5174.0,14699.9,4.28,2.841,154.0,153.0,59.2,100.8,39.6,0.0,,,94.0,81.0,,,,298.0,1015.0,,26.0,,1536995.0,,,,,,,,297.0,5817.0,,,0.0,,1.0,15111.7,,,,,,,,,,,,,,,,,,,,,,,,,,0.0,2.195,4181.7,,,,13992.0,,,804.0,223.0,2.921,,,,,,,,,,,,""
14455950207,"12 mai 2025, 12:12:57",Sortie vélo dans l'après-midi,Vélo,,4283,"18,82",,,false,,,activities/15423533661.fit.gz,,,4283.0,3812.0,18826.6,10.26,4.939,150.0,148.0,63.2,106.8,14.5,0.0,,,,,,,,,487.0,,,,,,,,,,,,,,,,0.0,,1.0,,,,,,,,,,,,,,,,,,,,,,,,,,,0.0,4.396,656.5,,,,,,,,,,,,,,,,,,,,,""
14448873656,"11 mai 2025, 13:27:58",Course à pied dans l'après-midi,Course à pied,,12001,"30,43",,,false,,,activities/15415963338.fit.gz,,,12001.0,11777.0,30430.6,3.44,2.584,309.0,310.0,74.8,126.2,15.0,0.0,,,88.0,81.0,,,,275.0,2194.0,,24.0,,3221062.0,,,,,,,,277.0,12002.0,,,0.0,,1.0,31035.7,,,,,,,,,,,,,,,,,,,,,,,,,,0.0,2.536,10324.2,,,,31808.0,,,1444.0,208.0,2.635,,,,,,,,,,,,""
14406558529,"7 mai 2025, 15:12:17",Course à pied dans l'après-midi,Course à pied,,3432,"10,41",,,false,,,activities/15371346744.fit.gz,,,3432.0,3158.0,10413.8,5.74,3.298,203.0,198.0,77.2,103.8,25.0,0.0,,,94.0,86.0,,,,367.0,748.0,,25.0,,1136804.0,,,,,,,,373.0,3379.0,,,0.0,,1.0,10983.7,,,,,,,,,,,,,,,,,,,,,,,,,,0.0,3.034,0.0,,,,8826.0,,,737.0,280.0,3.478,,,,,,,,,,,,""
14397467201,"6 mai 2025, 18:01:13",Course à pied en soirée,Course à pied,,596,"2,39",,,false,,,activities/15361821480.fit.gz,,,596.0,596.0,2392.7,4.66,4.015,29.0,30.0,72.0,95.2,11.3,-0.1,,,92.0,88.0,,,,455.0,149.0,,22.0,,271245.0,,,,,,,,450.0,597.0,,,0.0,,1.0,2445.2,,,,,,,,,,,,,,,,,,,,,,,,,,0.0,4.015,0.0,,,,1758.0,,,189.0,338.0,4.103,,,,,,,,,,,,""
14397098641,"6 mai 2025, 17:31:03",Course à pied en soirée,Course à pied,,631,"2,38",,,false,,,activities/15361441176.fit.gz,,,631.0,627.0,2380.4,4.62,3.796,27.0,25.0,41.0,65.0,15.1,0.1,,,92.0,88.0,,,,378.0,152.0,,22.0,,236539.0,,,,,,,,371.0,632.0,,,0.0,,1.0,2425.8,,,,,,,,,,,,,,,,,,,,,,,,,,0.0,3.772,261.8,,,,1846.0,,,136.0,279.0,3.869,,,,,,,,,,,,""
14385151893,"5 mai 2025, 12:24:53",Course à pied dans l'après-midi,Course à pied,,3944,"6,24",,,false,,,activities/15348911541.fit.gz,,,3944.0,3310.0,6248.9,4.72,1.888,93.0,94.0,77.8,115.2,24.7,0.0,,,98.0,80.0,,,,261.0,630.0,,24.0,,600641.0,,,,,,,,261.0,3523.0,,,0.0,,1.0,6525.6,,,,,,,,,,,,,,,,,,,,,,,,,,0.0,1.584,5443.3,,,,5932.0,,,376.0,196.0,1.971,,,,,,,,,,,,""
14310179257,"28 avr. 2025, 10:23:12",Course à pied le midi,Course à pied,,933,"3,17",,,false,,,activities/15270287394.fit.gz,,,933.0,933.0,3169.6,5.36,3.397,19.0,20.0,8.4,19.6,29.7,0.0,,,94.0,86.0,,,,351.0,209.0,,25.0,,327300.0,,,,,,,,355.0,934.0,,,0.0,,1.0,3218.6,,,,,,,,,,,,,,,,,,,,,,,,,,0.0,3.397,0.0,,,,2660.0,,,184.0,267.0,3.45,,,,,,,,,,,,""
14284007688,"25 avr. 2025, 15:17:56",Course à pied dans l'après-midi,Course à pied,,8408,"13,33",,,false,,,activities/15242809158.fit.gz,,,8408.0,4727.0,13330.8,6.26,2.82,160.0,154.0,89.4,131.0,39.7,0.0,,,93.0,84.0,,,,302.0,931.0,,25.0,,1408667.0,,,,,,,,303.0,5143.0,,,0.0,,1.0,13740.6,,,,,,,,,,,,,,,,,,,,,,,,,,0.0,1.585,2571.8,,,,13108.0,,,742.0,228.0,2.907,,,,,,,,,,,,""
14273896723,"24 avr. 2025, 15:16:01",Course à pied dans l'après-midi,Course à pied,,4578,"12,69",,,false,,,activities/15232252783.fit.gz,,,4578.0,3993.0,12694.0,11.36,3.179,138.0,236.0,-27.2,14.4,45.1,0.0,,,91.0,85.0,,,,329.0,873.0,,23.0,,1310071.0,,,,,,,,322.0,4466.0,,,0.0,,1.0,13086.9,,,,,,,,,,,,,,,,,,,,,,,,,,0.0,2.773,3580.1,,,,11334.0,,,726.0,242.0,3.277,,,,,,,,,,,,""
14238903419,"21 avr. 2025, 07:27:20",Course à pied le matin,Course à pied,,2372,"6,95",,,false,,,activities/15195737066.fit.gz,,,2372.0,2349.0,6957.8,5.54,2.962,111.0,80.0,199.8,251.2,13.7,-0.1,,,106.0,86.0,,,,308.0,488.0,,20.0,,723995.0,,,,,,,,323.0,2373.0,,,0.0,,1.0,7076.5,,,,,,,,,,,,,,,,,,,,,,,,,,0.0,2.933,157.1,,,,6706.0,,,389.0,243.0,3.013,,,,,,,,,,,,""
14229820063,"20 avr. 2025, 06:49:59",Course à pied le matin,Course à pied,,6292,"19,04",,,false,,,activities/15186172266.fit.gz,,,6292.0,6180.0,19044.8,6.38,3.082,332.0,336.0,211.0,336.6,18.2,0.0,,,98.0,86.0,,,,330.0,1406.0,,21.0,,2036348.0,,,,,,,,338.0,6293.0,,,0.0,,1.0,19724.3,,,,,,,,,,,,,,,,,,,,,,,,,,0.0,3.027,7956.9,,,,17614.0,,,1128.0,254.0,3.192,,,,,,,,,,,,""
14204881036,"17 avr. 2025, 15:57:51",Course à pied dans l'après-midi,Course à pied,,728,"2,50",,,false,,,activities/15160051455.fit.gz,,,728.0,728.0,2499.4,4.34,3.433,26.0,24.0,101.0,125.2,10.4,0.1,,,90.0,87.0,,,,360.0,162.0,,23.0,,261794.0,,,,,,,,356.0,729.0,,,0.0,,1.0,2547.5,,,,,,,,,,,,,,,,,,,,,,,,,,0.0,3.433,294.2,,,,2114.0,,,145.0,268.0,3.499,,,,,,,,,,,,""
14174635311,"14 avr. 2025, 13:44:24",Course à pied dans l'après-midi,Course à pied,,655,"1,45",,,false,,,activities/15128568750.fit.gz,,,655.0,634.0,1452.7,2.78,2.291,6.0,34.0,70.8,100.2,8.2,-2.0,,,84.0,81.0,,,,230.0,94.0,,23.0,,145227.0,,,,,,,,224.0,656.0,,,0.0,,1.0,1421.4,,,,,,,,,,,,,,,,,,,,,,,,,,0.0,2.218,0.0,,,,1720.0,,,51.0,168.0,2.242,,,,,,,,,,,,""
14162212560,"13 avr. 2025, 08:20:17",Course à pied le matin,Course à pied,,220,"0,57",,,false,,,activities/15115549689.fit.gz,,,220.0,220.0,575.1,4.813,2.614,5.0,4.0,93.4,97.2,7.5,0.1,,,94.0,88.0,,,,261.0,41.0,,22.0,,57268.0,,,,,,,,250.0,221.0,,,0.0,,1.0,584.5,,,,,,,,,,,,,,,,,,,,,,,,,,0.0,2.614,107.5,,,,654.0,,,21.0,188.0,2.657,,,,,,,,,,,,""
14162061711,"13 avr. 2025, 06:30:35",Course à pied le matin,Course à pied,,5393,"21,25",,,false,,,activities/15115391714.fit.gz,,,5393.0,5393.0,21250.0,5.32,3.94,98.0,122.0,69.8,122.4,14.9,-0.1,,,95.0,88.0,,,,393.0,1419.0,,24.0,,2122263.0,,,,,,,,395.0,5394.0,,,0.0,,1.0,21357.3,,,,,,,,,,,,,,,,,,,,,,,,,,0.0,3.94,1402.1,,,,15838.0,,,1321.0,297.0,3.96,,,,,,,,,,,,""
14161535239,"13 avr. 2025, 06:12:23",Course à pied le matin,Course à pied,,536,"1,38",,,false,,,activities/15114836014.fit.gz,,,536.0,512.0,1384.3,4.08,2.704,12.0,13.0,115.8,122.4,9.1,-0.1,,,90.0,86.0,,,,295.0,105.0,,19.0,,144387.0,,,,,,,,281.0,538.0,,,0.0,,1.0,1397.5,,,,,,,,,,,,,,,,,,,,,,,,,,0.0,2.583,162.9,,,,1432.0,,,66.0,211.0,2.729,,,,,,,,,,,,""
14153323430,"12 avr. 2025, 09:36:08",Course à pied le midi,Course à pied,,1682,"4,86",,,false,,,activities/15106181744.fit.gz,,,1682.0,1677.0,4860.5,3.74,2.898,42.0,40.0,155.0,190.4,9.6,0.0,,,90.0,86.0,,,,302.0,367.0,,24.0,,506509.0,,,,,,,,304.0,1683.0,,,0.0,,1.0,4942.9,,,,,,,,,,,,,,,,,,,,,,,,,,0.0,2.89,326.4,,,,4798.0,,,244.0,229.0,2.947,,,,,,,,,,,,""
14106578230,"7 avr. 2025, 13:14:16",Marche dans l'après-midi,Marche,,1651,"1,87",,,false,,,activities/15057490741.fit.gz,,,1651.0,1437.0,1878.8,1.96,1.307,2.0,9.0,51.2,53.8,15.1,0.0,,,58.0,55.0,,,,,137.0,,,,,,,,,,,,,,,,0.0,,1.0,,,,,,,,,,,,,,,,,,,,,,,,,,,0.0,1.138,1879.7,,,,2546.0,,,,,,,,,,,,,,,,,""
14106379072,"7 avr. 2025, 12:21:08",Course à pied dans l'après-midi,Course à pied,,2804,"9,24",,,false,,,activities/15057281279.fit.gz,,,2804.0,2801.0,9241.0,4.98,3.299,9.0,10.0,55.0,61.2,6.2,0.0,,,92.0,85.0,,,,337.0,664.0,,28.0,,944007.0,,,,,,,,348.0,2805.0,,,0.0,,1.0,9274.8,,,,,,,,,,,,,,,,,,,,,,,,,,0.0,3.296,9242.0,,,,7958.0,,,534.0,262.0,3.311,,,,,,,,,,,,""
14089849721,"5 avr. 2025, 16:15:07",Course à pied en soirée,Course à pied,,4672,"13,07",,,false,,,activities/15039902667.fit.gz,,,4672.0,4567.0,13076.5,4.48,2.863,132.0,135.0,86.0,127.4,45.8,0.0,,,90.0,84.0,,,,297.0,949.0,,28.0,,1354875.0,,,,,,,,299.0,4673.0,,,0.0,,1.0,13363.5,,,,,,,,,,,,,,,,,,,,,,,,,,0.0,2.799,3083.3,,,,12750.0,,,656.0,225.0,2.926,,,,,,,,,,,,""
14071076289,"3 avr. 2025, 17:46:17",Course à pied en soirée,Course à pied,,2327,"7,70",,,false,,,activities/15020160608.fit.gz,,,2327.0,2308.0,7704.9,5.18,3.338,63.0,64.0,68.0,104.2,12.4,0.0,,,90.0,85.0,,,,345.0,531.0,,24.0,,796627.0,,,,,,,,355.0,2328.0,,,0.0,,1.0,7802.2,,,,,,,,,,,,,,,,,,,,,,,,,,0.0,3.311,1063.7,,,,6548.0,,,460.0,267.0,3.381,,,,,,,,,,,,""
14062139808,"2 avr. 2025, 18:59:30",Course à pied en soirée,Course à pied,,2494,"7,81",,,false,,,activities/15010746564.fit.gz,,,2494.0,2490.0,7817.2,6.06,3.139,68.0,69.0,69.6,101.4,12.8,0.0,,,106.0,86.0,,,,323.0,547.0,,20.0,,804790.0,,,,,,,,329.0,2495.0,,,0.0,,1.0,7932.1,,,,,,,,,,,,,,,,,,,,,,,,,,0.0,3.134,485.2,,,,7126.0,,,423.0,247.0,3.186,,,,,,,,,,,,""
14033399986,"30 mars 2025, 19:03:37",Entraînement aux poids de nuit,Entraînement aux poids,,1282,0,,,false,,,activities/14980083767.fit.gz,,,1282.0,1282.0,0.0,0.0,0.0,0.0,0.0,0.0,0.0,0.0,0.0,,,,,,,,,103.0,,,,,,,,,,,,,,,,0.0,,1.0,,,,,,,,,,,,,,,,,,,,,,,,,,,0.0,0.0,0.0,,,,,,,,,,,158.0,,,,,,,,,,""
14032948946,"30 mars 2025, 17:14:42",Course à pied en soirée,Course à pied,,3965,"13,05",,,false,,,activities/14979595787.fit.gz,,,3965.0,3926.0,13053.5,4.54,3.325,96.0,96.0,66.8,112.4,11.2,0.0,,,94.0,85.0,,,,335.0,881.0,,23.0,,1318776.0,,,,,,,,358.0,3966.0,,,0.0,,1.0,13179.4,,,,,,,,,,,,,,,,,,,,,,,,,,0.0,3.292,647.7,,,,11118.0,,,797.0,269.0,3.357,,,,,,,,,,,,""
14032298814,"30 mars 2025, 12:55:00",Marche dans l'après-midi,Marche,,2360,"2,31",,,false,,,activities/14978900706.fit.gz,,,2360.0,2323.0,2315.6,2.5,0.997,31.0,31.0,77.0,94.6,39.0,0.0,,,103.0,50.0,,,,,94.0,,,,,,,,,,,,,,,,0.0,,1.0,,,,,,,,,,,,,,,,,,,,,,,,,,,0.0,0.981,1784.4,,,,3568.0,,,,,,,,,,,,,,,,,""
14022831788,"29 mars 2025, 17:33:12",Course à pied en soirée,Course à pied,,1837,"5,93",,,false,,,activities/14968699325.fit.gz,,,1837.0,1837.0,5937.8,4.26,3.232,67.0,66.0,91.6,123.6,11.5,0.0,,,91.0,85.0,,,,337.0,419.0,,20.0,,619502.0,,,,,,,,337.0,1838.0,,,0.0,,1.0,6049.6,,,,,,,,,,,,,,,,,,,,,,,,,,0.0,3.232,24.3,,,,5226.0,,,327.0,253.0,3.293,,,,,,,,,,,,""
14004017589,"27 mars 2025, 16:40:42",Course à pied dans l'après-midi,Course à pied,,3733,"13,12",,,false,,,activities/14948462506.fit.gz,,,3733.0,3733.0,13119.7,10.7,3.515,94.0,92.0,99.4,145.4,11.4,0.0,,,92.0,84.0,,,,356.0,874.0,,23.0,,1327474.0,,,,,,,,371.0,3734.0,,,0.0,,1.0,13260.6,,,,,,,,,,,,,,,,,,,,,,,,,,0.0,3.515,644.7,,,,10470.0,,,807.0,279.0,3.552,,,,,,,,,,,,""
13994328288,"26 mars 2025, 17:04:06",Course à pied en soirée,Course à pied,,1713,"4,60",,,false,,,activities/14938078361.fit.gz,,,1713.0,1713.0,4603.5,6.18,2.687,33.0,33.0,86.2,118.4,11.4,0.0,,,103.0,82.0,,,,280.0,331.0,,19.0,,480666.0,,,,,,,,299.0,1714.0,,,0.0,,1.0,4670.0,,,,,,,,,,,,,,,,,,,,,,,,,,0.0,2.687,287.5,,,,4656.0,,,240.0,225.0,2.726,,,,,,,,,,,,""
13973334515,"24 mars 2025, 14:37:08",Course à pied dans l'après-midi,Course à pied,,689,"2,16",,,false,,,activities/14915655656.fit.gz,,,689.0,689.0,2160.2,5.38,3.135,12.0,18.0,85.2,104.0,9.8,-0.3,,,93.0,86.0,,,,310.0,147.0,,20.0,,213690.0,,,,,,,,309.0,690.0,,,0.0,,1.0,2166.4,,,,,,,,,,,,,,,,,,,,,,,,,,0.0,3.135,0.0,,,,1960.0,,,103.0,232.0,3.144,,,,,,,,,,,,""
13973058057,"24 mars 2025, 13:41:30",Course à pied dans l'après-midi,Course à pied,,1214,"4,64",,,false,,,activities/14915352425.fit.gz,,,1214.0,1206.0,4645.4,4.82,3.852,19.0,17.0,105.8,121.4,6.5,0.0,,,96.0,88.0,,,,395.0,320.0,,21.0,,476935.0,,,,,,,,391.0,1215.0,,,0.0,,1.0,4672.8,,,,,,,,,,,,,,,,,,,,,,,,,,0.0,3.827,881.6,,,,3538.0,,,291.0,294.0,3.875,,,,,,,,,,,,""
13972817319,"24 mars 2025, 13:25:12",Course à pied dans l'après-midi,Course à pied,,526,"2,30",,,false,,,activities/14915091106.fit.gz,,,526.0,526.0,2299.4,5.1,4.371,4.0,16.0,108.6,121.6,4.8,-0.6,,,94.0,91.0,,,,430.0,133.0,,17.0,,226341.0,,,,,,,,426.0,527.0,,,0.0,,1.0,2280.3,,,,,,,,,,,,,,,,,,,,,,,,,,0.0,4.371,161.9,,,,1584.0,,,150.0,320.0,4.335,,,,,,,,,,,,""
13972749116,"24 mars 2025, 13:05:10",Sortie vélo dans l'après-midi,Vélo,,1180,"4,00",,,false,,,activities/14915017321.fit.gz,,,1180.0,1180.0,4000.6,5.738,3.39,47.0,24.0,93.2,125.0,5.6,0.5,,,,,,,,,132.0,,,,,,,,,,,,,,,,0.0,,1.0,,,,,,,,,,,,,,,,,,,,,,,,,,,0.0,3.39,354.8,,,,,,,,,,,,,,,,,,,,,""
13961251775,"23 mars 2025, 08:08:55",Course à pied le matin,Course à pied,,5937,"13,56",,,false,,,activities/14902669412.fit.gz,,,5937.0,5349.0,13559.4,5.62,2.535,312.0,318.0,85.0,186.6,31.0,0.0,,,125.0,78.0,,,,258.0,1233.0,,19.0,,1376838.0,,,,,,,,274.0,5938.0,,,0.0,,1.0,14763.4,,,,,,,,,,,,,,,,,,,,,,,,,,0.0,2.284,11752.3,,,,13672.0,,,700.0,206.0,2.76,,,,,,,,,,,,""
13954991042,"22 mars 2025, 13:40:06",La catastrophe,Course à pied,Visite touristique de cergy,3440,"8,80",,,false,,,activities/14895873564.fit.gz,,,3440.0,2990.0,8799.5,5.44,2.943,66.0,55.0,35.8,50.6,40.4,0.1,,,125.0,81.0,,,,293.0,726.0,,27.0,,886451.0,,,,,,,,293.0,3441.0,0.0,,0.0,,1.0,9038.5,,,,,,,,,,,,,,,,,,,,,,,,,,0.0,2.558,543.6,,,,8066.0,,,463.0,220.0,3.023,,,,,,,,,,,,""
13928427339,"19 mars 2025, 14:46:12",Course à pied dans l'après-midi,Course à pied,,10240,"28,79",,,false,,,activities/14867234409.fit.gz,,,10240.0,10168.0,28794.6,3.96,2.832,194.0,191.0,81.0,146.4,47.9,0.0,,,89.0,83.0,,,,294.0,2059.0,,27.0,,2982942.0,,,,,,,,296.0,10241.0,,,0.0,,1.0,29238.4,,,,,,,,,,,,,,,,,,,,,,,,,,0.0,2.812,7365.9,,,,27992.0,,,1411.0,223.0,2.876,,,,,,,,,,,,""
13909198091,"17 mars 2025, 17:44:19",Entraînement aux poids en soirée,Entraînement aux poids,,1326,0,,,false,,,activities/14846426837.fit.gz,,,1326.0,1326.0,0.0,0.0,0.0,0.0,0.0,0.0,0.0,0.0,0.0,,,,,,,,,187.0,,,,,,,,,,,,,,,,0.0,,1.0,,,,,,,,,,,,,,,,,,,,,,,,,,,0.0,0.0,0.0,,,,,,,,,,,336.0,,,,,,,,,,""
13907727794,"17 mars 2025, 13:21:12",Course à pied dans l'après-midi,Course à pied,,5952,"9,92",,,false,,,activities/14844840911.fit.gz,,,5952.0,3200.0,9921.7,6.0,3.101,106.0,84.0,113.6,141.4,22.2,0.1,,,118.0,84.0,,,,346.0,740.0,,21.0,,1010480.0,,,,,,,,314.0,4587.0,,,0.0,,1.0,10197.6,,,,,,,,,,,,,,,,,,,,,,,,,,0.0,1.667,5695.4,,,,7938.0,,,709.0,236.0,3.187,,,,,,,,,,,,""
13889673665,"15 mars 2025, 14:06:45",Course à pied dans l'après-midi,Course à pied,,1358,"5,76",,,false,,,activities/14825137704.fit.gz,,,1358.0,1358.0,5762.4,5.92,4.243,17.0,16.0,140.4,150.4,16.5,0.0,,,100.0,87.0,,,,443.0,359.0,,13.0,,601289.0,,,,,,,,441.0,1359.0,,,0.0,,1.0,5807.8,,,,,,,,,,,,,,,,,,,,,,,,,,0.0,4.243,523.9,,,,3944.0,,,415.0,332.0,4.277,,,,,,,,,,,,""
13889673056,"15 mars 2025, 13:27:04",Course à pied dans l'après-midi,Course à pied,,773,"2,15",,,false,,,activities/14825137255.fit.gz,,,773.0,761.0,2158.9,3.42,2.837,4.0,4.0,148.2,152.2,14.0,0.0,,,87.0,82.0,,,,297.0,142.0,,18.0,,226547.0,,,,,,,,292.0,774.0,,,0.0,,1.0,2181.0,,,,,,,,,,,,,,,,,,,,,,,,,,0.0,2.793,0.0,,,,2086.0,,,103.0,220.0,2.866,,,,,,,,,,,,""
13844003714,"10 mars 2025, 16:39:59",Entraînement aux poids dans l'après-midi,Entraînement aux poids,,1290,0,,,false,,,activities/14776505618.fit.gz,,,1290.0,1290.0,0.0,0.0,0.0,0.0,0.0,0.0,0.0,0.0,0.0,,,,,,,,,137.0,,,,,,,,,,,,,,,,0.0,,1.0,,,,,,,,,,,,,,,,,,,,,,,,,,,0.0,0.0,0.0,,,,,,,,,,,236.0,,,,,,,,,,""
13843018941,"10 mars 2025, 13:33:27",Course à pied dans l'après-midi,Course à pied,,5005,"7,34",,,false,,,activities/14775433511.fit.gz,,,5005.0,1928.0,7344.0,6.34,3.809,48.0,41.0,83.2,122.4,9.9,0.0,,,103.0,87.0,,,,396.0,491.0,,25.0,,739950.0,,,,,,,,357.0,2784.0,,,0.0,,1.0,7420.2,,,,,,,,,,,,,,,,,,,,,,,,,,0.0,1.467,1089.8,,,,5354.0,,,556.0,268.0,3.849,,,,,,,,,,,,""
13821938293,"8 mars 2025, 10:32:46",Course à pied le midi,Course à pied,,3147,"10,21",,,false,,,activities/14752433348.fit.gz,,,3147.0,3147.0,10215.0,5.54,3.246,56.0,53.0,117.2,135.0,13.7,0.0,,,98.0,85.0,,,,335.0,712.0,,23.0,,1054528.0,,,,,,,,339.0,3148.0,,,0.0,,1.0,10351.9,,,,,,,,,,,,,,,,,,,,,,,,,,0.0,3.246,0.0,,,,8924.0,,,568.0,255.0,3.289,,,,,,,,,,,,""
13807067388,"6 mars 2025, 17:06:54",Entraînement aux poids en soirée,Entraînement aux poids,,1284,0,,,false,,,activities/14736325103.fit.gz,,,1284.0,1284.0,0.0,0.0,0.0,0.0,0.0,0.0,0.0,0.0,0.0,,,,,,,,,172.0,,,,,,,,,,,,,,,,0.0,,1.0,,,,,,,,,,,,,,,,,,,,,,,,,,,0.0,0.0,0.0,,,,,,,,,,,152.0,,,,,,,,,,""
13806404881,"6 mars 2025, 15:48:38",Course à pied dans l'après-midi,Course à pied,,1906,"5,91",,,false,,,activities/14735612909.fit.gz,,,1906.0,1896.0,5911.3,4.16,3.118,76.0,74.0,92.6,123.4,9.8,0.0,,,89.0,83.0,,,,334.0,423.0,,25.0,,633043.0,,,,,,,,338.0,1907.0,,,0.0,,1.0,6041.8,,,,,,,,,,,,,,,,,,,,,,,,,,0.0,3.101,63.9,,,,5220.0,,,341.0,254.0,3.187,,,,,,,,,,,,""
13798812766,"5 mars 2025, 18:11:38",Course à pied en soirée,Course à pied,,2607,"7,62",,,false,,,activities/14727364424.fit.gz,,,2607.0,2607.0,7626.7,4.34,2.925,63.0,62.0,89.0,128.4,10.9,0.0,,,96.0,83.0,,,,304.0,541.0,,21.0,,793043.0,,,,,,,,313.0,2608.0,,,0.0,,1.0,7729.5,,,,,,,,,,,,,,,,,,,,,,,,,,0.0,2.925,451.2,,,,7200.0,,,400.0,235.0,2.965,,,,,,,,,,,,""
13777828532,"3 mars 2025, 13:15:57",Course à pied dans l'après-midi,Course à pied,,6104,"11,63",,,false,,,activities/14704717509.fit.gz,,,6104.0,5240.0,11630.8,7.18,2.22,175.0,170.0,87.2,120.4,42.2,0.1,,,122.0,81.0,,,,278.0,1024.0,,25.0,,1143578.0,,,,,,,,273.0,5878.0,,,0.0,,1.0,12122.3,,,,,,,,,,,,,,,,,,,,,,,,,,0.0,1.905,11448.2,,,,10698.0,,,687.0,205.0,2.313,,,,,,,,,,,,""
13757098299,"1 mars 2025, 09:46:53",Course à pied le matin,Course à pied,,1927,"5,21",,,false,,,activities/14682082882.fit.gz,,,1927.0,1924.0,5213.5,7.96,2.71,44.0,45.0,242.8,253.8,14.5,0.0,,,113.0,81.0,,,,276.0,354.0,,17.0,,530172.0,,,,,,,,293.0,1928.0,,,0.0,,1.0,5311.1,,,,,,,,,,,,,,,,,,,,,,,,,,0.0,2.706,0.0,,,,5010.0,,,259.0,220.0,2.76,,,,,,,,,,,,""
13750971436,"28 févr. 2025, 14:06:06",Marche dans l'après-midi,Marche,,4455,"3,98",,,false,,,activities/14675409478.fit.gz,,,4455.0,4097.0,3981.9,1.68,0.972,33.0,29.0,239.4,268.4,13.3,0.1,,,79.0,49.0,,,,,187.0,,,,,,,,,,,,,,,,0.0,,1.0,,,,,,,,,,,,,,,,,,,,,,,,,,,0.0,0.894,3473.3,,,,5834.0,,,,,,,,,,,,,,,,,""
13742344721,"27 févr. 2025, 15:01:29",Course à pied dans l'après-midi,Course à pied,,2554,"8,06",,,false,,,activities/14666068068.fit.gz,,,2554.0,2548.0,8063.8,4.533,3.165,85.0,87.0,161.2,213.2,20.6,0.0,,,120.0,85.0,,,,331.0,571.0,,21.0,,845842.0,,,,,,,,333.0,2555.0,,,0.0,,1.0,8225.4,,,,,,,,,,,,,,,,,,,,,,,,,,0.0,3.157,2627.7,,,,7202.0,,,444.0,250.0,3.228,,,,,,,,,,,,""
13733619023,"26 févr. 2025, 15:50:50",Course à pied dans l'après-midi,Course à pied,,2176,"6,95",,,false,,,activities/14656598478.fit.gz,,,2176.0,2159.0,6958.3,4.0,3.223,78.0,72.0,165.0,213.2,12.4,0.0,,,89.0,84.0,,,,327.0,457.0,,18.0,,706525.0,,,,,,,,329.0,2177.0,,,0.0,,1.0,7103.0,,,,,,,,,,,,,,,,,,,,,,,,,,0.0,3.198,2219.4,,,,6042.0,,,369.0,247.0,3.29,,,,,,,,,,,,""
13715999564,"24 févr. 2025, 17:15:41",Course à pied en soirée,Course à pied,,4990,"15,95",,,false,,,activities/14637514743.fit.gz,,,4990.0,4931.0,15958.2,4.3,3.236,55.0,56.0,-2.2,18.6,10.7,0.0,,,88.0,83.0,,,,324.0,1091.0,,21.0,,1595167.0,,,,,,,,322.0,4992.0,,,0.0,,1.0,16052.3,,,,,,,,,,,,,,,,,,,,,,,,,,0.0,3.198,1010.1,,,,13666.0,,,812.0,242.0,3.255,,,,,,,,,,,,""
13707887400,"23 févr. 2025, 17:32:00",Course à pied en soirée,Course à pied,,1727,"6,31",,,false,,,activities/14628603109.fit.gz,,,1727.0,1711.0,6317.7,4.86,3.692,28.0,25.0,0.2,18.0,6.9,0.0,,,90.0,85.0,,,,366.0,404.0,,19.0,,626370.0,,,,,,,,366.0,1729.0,,,0.0,,1.0,6354.3,,,,,,,,,,,,,,,,,,,,,,,,,,0.0,3.658,427.5,,,,4848.0,,,363.0,275.0,3.714,,,,,,,,,,,,""
13705945337,"23 févr. 2025, 13:49:44",Marche dans l'après-midi,Marche,,3667,"3,76",,,false,,,activities/14626511054.fit.gz,,,3667.0,3518.0,3761.7,10.479,1.069,52.0,42.0,5.0,39.4,29.9,0.2,,,62.0,53.0,,,,,195.0,,,,,,,,,,,,,,,,0.0,,1.0,,,,,,,,,,,,,,,,,,,,,,,,,,,0.0,1.026,2627.6,,,,5838.0,,,,,,,,,,,,,,,,,""
13680110969,"20 févr. 2025, 17:07:44",Course à pied en soirée,Course à pied,,2152,"5,31",,,false,,,activities/14598311013.fit.gz,,,2152.0,2104.0,5318.5,3.08,2.528,57.0,59.0,97.8,121.6,14.4,-0.1,,,82.0,77.0,,,,260.0,360.0,,23.0,,545054.0,,,,,,,,258.0,2154.0,,,0.0,,1.0,5427.4,,,,,,,,,,,,,,,,,,,,,,,,,,0.0,2.471,334.4,,,,5404.0,,,225.0,194.0,2.58,,,,,,,,,,,,""
13670342920,"19 févr. 2025, 15:23:50",Course à pied dans l'après-midi,Course à pied,,1378,"4,35",,,false,,,activities/14587634326.fit.gz,,,1378.0,1312.0,4349.3,5.72,3.315,30.0,29.0,91.8,121.2,11.5,0.0,,,97.0,81.0,,,,332.0,285.0,,22.0,,435103.0,,,,,,,,337.0,1342.0,,,0.0,,1.0,4421.0,,,,,,,,,,,,,,,,,,,,,,,,,,0.0,3.156,224.0,,,,3528.0,,,238.0,253.0,3.37,,,,,,,,,,,,""
13651411147,"17 févr. 2025, 13:21:50",Course à pied dans l'après-midi,Course à pied,,4627,"10,89",,,false,,,activities/14567012910.fit.gz,,,4627.0,4298.0,10889.3,5.52,2.534,115.0,111.0,113.2,151.6,14.0,0.0,,,120.0,76.0,,,,245.0,931.0,,22.0,,1050235.0,,,,,,,,257.0,4628.0,,,0.0,,1.0,11123.8,,,,,,,,,,,,,,,,,,,,,,,,,,0.0,2.353,8838.1,,,,10512.0,,,479.0,193.0,2.588,,,,,,,,,,,,""
13642914050,"16 févr. 2025, 12:07:53",Course à pied dans l'après-midi,Course à pied,,5625,"16,20",,,false,,,activities/14557586336.fit.gz,,,5625.0,5622.0,16199.9,3.72,2.882,132.0,128.0,83.6,129.4,47.9,0.0,,,87.0,80.0,,,,291.0,1130.0,,23.0,,1634688.0,,,,,,,,292.0,5626.0,,,0.0,,1.0,16501.5,,,,,,,,,,,,,,,,,,,,,,,,,,0.0,2.88,2994.2,,,,15094.0,,,754.0,220.0,2.935,,,,,,,,,,,,""
13626847752,"14 févr. 2025, 17:05:57",Course à pied en soirée,Course à pied,,3090,"10,12",,,false,,,activities/14539959772.fit.gz,,,3090.0,3090.0,10121.0,4.76,3.275,41.0,41.0,116.6,132.2,10.0,0.0,,,90.0,81.0,,,,331.0,659.0,,17.0,,1019639.0,,,,,,,,350.0,3091.0,,,0.0,,1.0,10192.6,,,,,,,,,,,,,,,,,,,,,,,,,,0.0,3.275,0.0,,,,8270.0,,,594.0,263.0,3.299,,,,,,,,,,,,""
13609652277,"12 févr. 2025, 16:17:44",Course à pied dans l'après-midi,Course à pied,,2211,"6,38",,,false,,,activities/14521173992.fit.gz,,,2211.0,2211.0,6382.1,3.82,2.887,47.0,48.0,115.2,138.8,9.8,0.0,,,81.0,79.0,,,,291.0,436.0,,22.0,,641731.0,,,,,,,,292.0,2212.0,,,0.0,,1.0,6450.1,,,,,,,,,,,,,,,,,,,,,,,,,,0.0,2.887,123.9,,,,5796.0,,,296.0,220.0,2.917,,,,,,,,,,,,""
13590668417,"10 févr. 2025, 13:18:46",Course à pied dans l'après-midi,Course à pied,,4601,"11,10",,,false,,,activities/14500498097.fit.gz,,,4601.0,4164.0,11103.3,4.76,2.666,93.0,92.0,114.2,139.8,27.5,0.0,,,93.0,78.0,,,,264.0,939.0,,25.0,,1097328.0,,,,,,,,284.0,4602.0,,,0.0,,1.0,11365.9,,,,,,,,,,,,,,,,,,,,,,,,,,0.0,2.413,4772.5,,,,10304.0,,,584.0,214.0,2.73,,,,,,,,,,,,""
13556231706,"6 févr. 2025, 13:05:40",Course à pied dans l'après-midi,Course à pied,,5820,"11,47",,,false,,,activities/14462647125.fit.gz,,,5820.0,5144.0,11477.4,5.14,2.231,189.0,177.0,83.4,122.4,48.5,0.1,,,118.0,77.0,,,,245.0,1060.0,,18.0,,1086179.0,,,,,,,,270.0,5354.0,,,0.0,,1.0,12216.3,,,,,,,,,,,,,,,,,,,,,,,,,,0.0,1.972,7088.1,,,,11142.0,,,612.0,203.0,2.375,,,,,,,,,,,,""
13528452424,"3 févr. 2025, 13:11:12",Course à pied dans l'après-midi,Course à pied,,6062,"8,87",,,false,,,activities/14432348240.fit.gz,,,6062.0,4084.0,8875.0,5.7,2.173,157.0,159.0,96.4,135.0,40.7,0.0,,,125.0,75.0,,,,186.0,897.0,,22.0,,753285.0,,,,,,,,196.0,6063.0,,,0.0,,1.0,9434.2,,,,,,,,,,,,,,,,,,,,,,,,,,0.0,1.464,539.8,,,,9294.0,,,364.0,147.0,2.31,,,,,,,,,,,,""
13521828008,"2 févr. 2025, 16:38:16",Sortie vélo dans l'après-midi,Vélo,"",2392,"12,89",,,false,,,activities/14424983458.fit.gz,,,2392.0,2249.0,12896.5,10.66,5.734,79.0,77.0,84.4,118.2,10.5,0.0,,,,,,,,,165.0,,,,,,,,,,,,,,0.0,,0.0,,1.0,,,,,,,,,,,,,,,,,,,,,,,,,,,0.0,5.392,0.0,,,,,,,,,,,,,,,,,,,,,media/e0c1be55-d035-420a-9aa7-8e72ecb51b51.jpg|media/1e5c09a7-b5e6-4fcc-8fd4-bed1615b379b.jpg
13512596975,"1 févr. 2025, 17:46:18",Course à pied en soirée,Course à pied,,2321,"7,63",,,false,,,activities/14414842886.fit.gz,,,2321.0,2283.0,7638.3,4.8,3.346,66.0,62.0,61.8,100.6,9.9,0.0,,,84.0,80.0,,,,341.0,525.0,,20.0,,778931.0,,,,,,,,341.0,2322.0,,,0.0,,1.0,7746.6,,,,,,,,,,,,,,,,,,,,,,,,,,0.0,3.291,772.7,,,,6136.0,,,423.0,256.0,3.393,,,,,,,,,,,,""
13493859873,"30 janv. 2025, 15:43:35",Course à pied dans l'après-midi,Course à pied,,3551,"9,96",,,false,,,activities/14394461755.fit.gz,,,3551.0,3545.0,9964.7,3.54,2.811,107.0,115.0,93.8,146.6,13.9,-0.1,,,83.0,79.0,,,,290.0,625.0,,18.0,,1029176.0,,,,,,,,293.0,3552.0,,,0.0,,1.0,10150.8,,,,,,,,,,,,,,,,,,,,,,,,,,0.0,2.806,1856.2,,,,9338.0,,,478.0,220.0,2.863,,,,,,,,,,,,""
13485843490,"29 janv. 2025, 17:36:48",Course à pied en soirée,Course à pied,,1940,"5,37",,,false,,,activities/14385742090.fit.gz,,,1940.0,1940.0,5374.4,3.56,2.77,0.0,0.0,94.2,94.2,0.0,0.0,,,82.0,78.0,,,,288.0,352.0,,18.0,,558079.0,,,,,,,,289.0,1941.0,,,0.0,,1.0,5374.4,,,,,,,,,,,,,,,,,,,,,,,,,,0.0,2.77,1089.4,,,,5036.0,,,254.0,217.0,2.77,,,,,,,,,,,,""
13465920929,"27 janv. 2025, 12:40:55",Course à pied dans l'après-midi,Course à pied,,7025,"14,93",,,false,,,activities/14364122584.fit.gz,,,7025.0,4960.0,14934.0,5.48,3.011,0.0,0.0,92.8,92.8,0.0,0.0,,,95.0,82.0,,,,312.0,1056.0,,19.0,,1499862.0,,,,,,,,308.0,5913.0,,,0.0,,1.0,14934.0,,,,,,,,,,,,,,,,,,,,,,,,,,0.0,2.126,2969.5,,,,13222.0,,,882.0,232.0,3.011,,,,,,,,,,,,""
13399157283,"19 janv. 2025, 16:16:00",Course à pied dans l'après-midi,Course à pied,,2972,"8,80",,,false,,,activities/14291586287.fit.gz,,,2972.0,2956.0,8808.0,7.7,2.98,0.0,0.0,94.2,94.4,1.9,0.0,,,109.0,80.0,,,,294.0,601.0,,11.0,,868068.0,,,,,,,,299.0,2973.0,,,0.0,,1.0,8808.1,,,,,,,,,,,,,,,,,,,,,,,,,,0.0,2.964,0.0,,,,7884.0,,,417.0,225.0,2.98,,,,,,,,,,,,""
13363418979,"15 janv. 2025, 17:25:48",Course à pied en soirée,Course à pied,,1817,"5,93",,,false,,,activities/14253075530.fit.gz,,,1817.0,1817.0,5932.6,4.28,3.265,67.0,65.0,67.6,95.8,11.0,0.0,,,86.0,81.0,,,,334.0,393.0,,16.0,,607332.0,,,,,,,,335.0,1818.0,,,0.0,,1.0,6052.5,,,,,,,,,,,,,,,,,,,,,,,,,,0.0,3.265,26.9,,,,4912.0,,,320.0,252.0,3.331,,,,,,,,,,,,""
13362473260,"15 janv. 2025, 15:59:33",Sortie vélo dans l'après-midi,Vélo,"",470,"2,37",,,true,,,activities/14252067013.fit.gz,,,470.0,450.0,2372.7,7.975,5.273,22.0,24.0,76.4,98.8,7.3,-0.2,,,,,,,,,79.0,,,,,,,,,,,,,,0.0,,1.0,,1.0,,,,,,,,,,,,,,,,,,,,,,,,,,,0.0,5.048,258.4,,,,,0.52,,,,,,,,,,,,,,,,""
13343783581,"13 janv. 2025, 15:24:43",Sortie vélo dans l'après-midi,Vélo,"",386,"2,36",,,true,,,activities/14232067616.fit.gz,,,386.0,386.0,2363.1,9.217,6.122,25.0,27.0,80.4,103.6,10.0,-0.1,,,,,,,,,45.0,,,,,,,,,,,,,,0.0,,1.0,,1.0,,,,,,,,,,,,,,,,,,,,,,,,,,,0.0,6.122,184.9,,,,,0.51,,,,,,,,,,,,,,,,""
13343608448,"13 janv. 2025, 13:10:01",Course à pied dans l'après-midi,Course à pied,,6323,"11,14",,,false,,,activities/14231878215.fit.gz,,,6323.0,5576.0,11144.3,4.76,1.999,97.0,99.0,102.0,123.6,16.3,0.0,,,121.0,79.0,,,,262.0,971.0,,21.0,,1058571.0,,,,,,,,248.0,6180.0,,,0.0,,1.0,11365.4,,,,,,,,,,,,,,,,,,,,,,,,,,0.0,1.763,6494.4,,,,10234.0,,,595.0,186.0,2.038,,,,,,,,,,,,""
13336034676,"12 janv. 2025, 15:33:40",Course à pied dans l'après-midi,Course à pied,,1963,"6,14",,,false,,,activities/14223677473.fit.gz,,,1963.0,1960.0,6148.8,4.0,3.137,51.0,53.0,92.0,123.0,11.8,0.0,,,88.0,81.0,,,,321.0,424.0,,16.0,,629352.0,,,,,,,,322.0,1964.0,,,0.0,,1.0,6238.2,,,,,,,,,,,,,,,,,,,,,,,,,,0.0,3.132,307.9,,,,5280.0,,,319.0,242.0,3.183,,,,,,,,,,,,""
13327318198,"11 janv. 2025, 17:09:54",Course à pied en soirée,Course à pied,,2401,"7,41",,,false,,,activities/14214283344.fit.gz,,,2401.0,2401.0,7409.6,4.99,3.086,75.0,75.0,60.8,95.0,10.6,0.0,,,85.0,80.0,,,,314.0,526.0,,16.0,,754093.0,,,,,,,,316.0,2402.0,,,0.0,,1.0,7533.1,,,,,,,,,,,,,,,,,,,,,,,,,,0.0,3.086,25.7,,,,6440.0,,,377.0,238.0,3.137,,,,,,,,,,,,""
13309371882,"9 janv. 2025, 16:44:43",Course à pied dans l'après-midi,Course à pied,,2281,"7,23",,,false,,,activities/14195059933.fit.gz,,,2281.0,2281.0,7236.1,7.38,3.172,35.0,33.0,89.2,105.0,12.4,0.0,,,94.0,82.0,,,,321.0,495.0,,16.0,,730856.0,,,,,,,,327.0,2282.0,,,0.0,,1.0,7304.7,,,,,,,,,,,,,,,,,,,,,,,,,,0.0,3.172,0.0,,,,6178.0,,,383.0,246.0,3.202,,,,,,,,,,,,""
13281499756,"6 janv. 2025, 13:04:48",Course à pied dans l'après-midi,Course à pied,,6028,"10,41",,,false,,,activities/14165212309.fit.gz,,,6028.0,5143.0,10418.5,4.62,2.026,120.0,121.0,87.2,115.6,28.6,0.0,,,112.0,79.0,,,,252.0,924.0,,25.0,,1029015.0,,,,,,,,240.0,5758.0,,,0.0,,1.0,10755.6,,,,,,,,,,,,,,,,,,,,,,,,,,0.0,1.728,7129.0,,,,10266.0,,,519.0,180.0,2.091,,,,,,,,,,,,""
13198967814,"27 déc. 2024, 09:02:29",Course à pied le matin,Course à pied,,3278,"8,63",,,false,,,activities/14076071521.fit.gz,,,3278.0,3104.0,8633.1,4.4,2.781,78.0,78.0,173.6,212.4,11.3,0.0,,,84.0,79.0,,,,278.0,653.0,,24.0,,866431.0,,,,,,,,276.0,3279.0,,,0.0,,1.0,8783.4,,,,,,,,,,,,,,,,,,,,,,,,,,0.0,2.634,0.0,,,,8136.0,,,393.0,208.0,2.83,,,,,,,,,,,,""
13163027619,"21 déc. 2024, 17:16:53",Sortie vélo en soirée,Vélo,,338,"2,33",,,false,,,activities/14037369240.fit.gz,,,338.0,338.0,2338.8,11.14,6.92,30.0,30.0,80.2,105.8,9.6,-0.1,,,,,,,,,36.0,,,,,,,,,,,,,,,,0.0,,1.0,,,,,,,,,,,,,,,,,,,,,,,,,,,0.0,6.92,28.5,,,,,,,,,,,,,,,,,,,,,""
13138016574,"17 déc. 2024, 22:04:50",Sortie vélo de nuit,Vélo,,163,"1,00",,,false,,,activities/14010481293.fit.gz,,,163.0,163.0,1001.2,8.7,6.142,23.0,4.0,84.4,107.6,8.1,1.7,,,,,,,,,28.0,,,,,,,,,,,,,,,,0.0,,1.0,,,,,,,,,,,,,,,,,,,,,,,,,,,0.0,6.142,0.0,,,,,,,,,,,,,,,,,,,,,""
13127958181,"16 déc. 2024, 13:23:32",Course à pied dans l'après-midi,Course à pied,,5137,"10,40",,,false,,,activities/13999787621.fit.gz,,,5137.0,3631.0,10399.4,4.72,2.864,117.0,127.0,105.6,140.0,30.8,-0.1,,,114.0,80.0,,,,275.0,978.0,,20.0,,981318.0,,,,,,,,275.0,5138.0,,,0.0,,1.0,10745.0,,,,,,,,,,,,,,,,,,,,,,,,,,0.0,2.024,7276.2,,,,9060.0,,,610.0,207.0,2.959,,,,,,,,,,,,""
13105972928,"13 déc. 2024, 10:15:35",Course à pied le midi,Course à pied,,3031,"8,19",,,false,,,activities/13976144161.fit.gz,,,3031.0,2979.0,8190.4,3.74,2.749,96.0,94.0,61.4,101.8,49.5,0.0,,,85.0,80.0,,,,280.0,556.0,,19.0,,832541.0,,,,,,,,280.0,3033.0,,,0.0,,1.0,8442.4,,,,,,,,,,,,,,,,,,,,,,,,,,0.0,2.702,1310.0,,,,7950.0,,,374.0,211.0,2.834,,,,,,,,,,,,""
13079053801,"9 déc. 2024, 13:26:53",Course à pied dans l'après-midi,Course à pied,,3629,"9,22",,,false,,,activities/13947374809.fit.gz,,,3629.0,3145.0,9228.8,5.66,2.934,111.0,122.0,96.6,140.6,47.6,-0.1,,,115.0,82.0,,,,282.0,692.0,,14.0,,879402.0,,,,,,,,306.0,3630.0,,,0.0,,1.0,9713.3,,,,,,,,,,,,,,,,,,,,,,,,,,0.0,2.543,7329.6,,,,8220.0,,,533.0,230.0,3.088,,,,,,,,,,,,""
13030621066,"2 déc. 2024, 13:32:35",Course à pied dans l'après-midi,Course à pied,,4715,"9,58",,,false,,,activities/13895675614.fit.gz,,,4715.0,3462.0,9582.5,5.08,2.768,97.0,102.0,92.6,138.2,16.8,-0.1,,,89.0,81.0,,,,265.0,751.0,,22.0,,908682.0,,,,,,,,264.0,4716.0,,,0.0,,1.0,9828.9,,,,,,,,,,,,,,,,,,,,,,,,,,0.0,2.032,6298.5,,,,8974.0,,,514.0,198.0,2.839,,,,,,,,,,,,""
13024978788,"1 déc. 2024, 16:24:41",Marche dans l'après-midi,Marche,,828,"1,17",,,false,,,activities/13889635125.fit.gz,,,828.0,828.0,1170.6,1.743,1.414,6.0,17.0,86.8,99.2,6.0,-1.1,,,59.0,56.0,,,,,83.0,,,,,,,,,,,,,,,,0.0,,1.0,,,,,,,,,,,,,,,,,,,,,,,,,,,0.0,1.414,0.0,,,,1538.0,,,,,,,,,,,,,,,,,""
13024849146,"1 déc. 2024, 15:59:53",Course à pied dans l'après-midi,Course à pied,,1259,"5,01",,,false,,,activities/13889496482.fit.gz,,,1259.0,1259.0,5012.9,5.32,3.982,8.0,11.0,98.4,105.0,8.7,-0.1,,,98.0,87.0,,,,393.0,301.0,,20.0,,494301.0,,,,,,,,394.0,1260.0,,,0.0,,1.0,5020.0,,,,,,,,,,,,,,,,,,,,,,,,,,0.0,3.982,0.0,,,,3640.0,,,306.0,296.0,3.987,,,,,,,,,,,,""
13024676208,"1 déc. 2024, 15:50:01",Course à pied dans l'après-midi,Course à pied,,534,"1,40",,,false,,,activities/13889310801.fit.gz,,,534.0,534.0,1405.9,3.22,2.633,20.0,9.0,93.6,106.2,12.8,0.9,,,85.0,80.0,,,,282.0,95.0,,21.0,,150589.0,,,,,,,,279.0,535.0,,,0.0,,1.0,1468.5,,,,,,,,,,,,,,,,,,,,,,,,,,0.0,2.633,0.0,,,,1428.0,,,65.0,210.0,2.75,,,,,,,,,,,,""
13003355925,"28 nov. 2024, 14:48:04",Course à pied dans l'après-midi,Course à pied,,7510,"20,00",,,false,,,activities/13866359115.fit.gz,,,7510.0,7406.0,20008.0,4.06,2.702,211.0,221.0,55.8,102.0,42.0,0.0,,,91.0,80.0,,,,275.0,1340.0,,21.0,,2033282.0,,,,,,,,276.0,7511.0,,,0.0,,1.0,20582.1,,,,,,,,,,,,,,,,,,,,,,,,,,0.0,2.664,4367.2,,,,19718.0,,,900.0,208.0,2.779,,,,,,,,,,,,""
12980207223,"25 nov. 2024, 13:06:43",Course à pied dans l'après-midi,Course à pied,,7215,"14,62",,,false,,,activities/13841670991.fit.gz,,,7215.0,4733.0,14626.5,6.34,3.09,208.0,210.0,52.0,100.8,19.0,-0.1,,,103.0,81.0,,,,315.0,986.0,,20.0,,1494147.0,,,,,,,,317.0,5597.0,,,0.0,,1.0,15130.4,,,,,,,,,,,,,,,,,,,,,,,,,,0.0,2.027,7538.4,,,,12752.0,,,881.0,238.0,3.197,,,,,,,,,,,,""
12929454089,"18 nov. 2024, 14:17:00",Course à pied dans l'après-midi,Course à pied,,2679,"7,57",,,false,,,activities/13787646201.fit.gz,,,2679.0,2645.0,7577.1,3.5,2.865,43.0,48.0,84.2,116.4,13.5,0.0,,,87.0,83.0,,,,280.0,535.0,,23.0,,740539.0,,,,,,,,277.0,2680.0,,,0.0,,1.0,7675.2,,,,,,,,,,,,,,,,,,,,,,,,,,0.0,2.828,0.0,,,,7338.0,,,322.0,208.0,2.902,,,,,,,,,,,,""
12929165769,"18 nov. 2024, 13:08:12",Course à pied dans l'après-midi,Course à pied,,3574,"11,49",,,false,,,activities/13787330703.fit.gz,,,3574.0,3475.0,11493.2,4.2,3.307,70.0,70.0,84.6,117.8,27.1,0.0,,,87.0,82.0,,,,331.0,828.0,,22.0,,1135031.0,,,,,,,,326.0,3575.0,,,0.0,,1.0,11616.7,,,,,,,,,,,,,,,,,,,,,,,,,,0.0,3.216,198.5,,,,9454.0,,,596.0,245.0,3.343,,,,,,,,,,,,""
12900787687,"14 nov. 2024, 17:30:55",Course à pied en soirée,Course à pied,,2709,"7,50",,,false,,,activities/13756685305.fit.gz,,,2709.0,2709.0,7503.8,3.58,2.77,84.0,83.0,63.2,95.2,10.3,0.0,,,82.0,77.0,,,,287.0,496.0,,20.0,,777984.0,,,,,,,,288.0,2710.0,,,0.0,,1.0,7640.7,,,,,,,,,,,,,,,,,,,,,,,,,,0.0,2.77,683.9,,,,6938.0,,,353.0,217.0,2.82,,,,,,,,,,,,""
12853297196,"8 nov. 2024, 16:04:02",Course à pied dans l'après-midi,Course à pied,,3508,"9,57",,,false,,,activities/13705642101.fit.gz,,,3508.0,3172.0,9569.6,5.08,3.017,48.0,63.0,66.4,103.8,11.8,-0.1,,,104.0,81.0,,,,300.0,630.0,,21.0,,951211.0,,,,,,,,302.0,3509.0,,,0.0,,1.0,9632.2,,,,,,,,,,,,,,,,,,,,,,,,,,0.0,2.728,0.0,,,,8556.0,,,502.0,227.0,3.037,,,,,,,,,,,,""
12837959833,"6 nov. 2024, 15:53:38",Course à pied dans l'après-midi,Course à pied,,2861,"8,12",,,false,,,activities/13689180101.fit.gz,,,2861.0,2861.0,8124.4,3.94,2.84,74.0,77.0,59.4,99.6,12.3,0.0,,,88.0,81.0,,,,286.0,551.0,,22.0,,818883.0,,,,,,,,288.0,2862.0,,,0.0,,1.0,8262.5,,,,,,,,,,,,,,,,,,,,,,,,,,0.0,2.84,0.0,,,,7708.0,,,373.0,217.0,2.888,,,,,,,,,,,,""
12821115272,"4 nov. 2024, 14:17:43",Course à pied dans l'après-midi,Course à pied,,2292,"3,06",,,false,,,activities/13671154095.fit.gz,,,2292.0,2107.0,3060.8,4.0,1.453,35.0,34.0,105.0,121.0,30.0,0.1,,,104.0,75.0,,,,190.0,346.0,,22.0,,257107.0,,,,,,,,173.0,2294.0,,,0.0,,1.0,3158.6,,,,,,,,,,,,,,,,,,,,,,,,,,0.0,1.335,819.8,,,,3230.0,,,107.0,130.0,1.499,,,,,,,,,,,,""
12820539907,"4 nov. 2024, 13:08:54",Course à pied dans l'après-midi,Course à pied,"",742,"2,11",,,false,,,activities/13670531281.fit.gz,,,742.0,741.0,2113.3,4.2,2.852,17.0,18.0,101.0,110.0,14.3,0.0,,,88.0,83.0,,,,301.0,142.0,,21.0,,209450.0,,,,,,,,294.0,743.0,0.0,,0.0,,1.0,2150.0,,,,,,,,,,,,,,,,,,,,,,,,,,0.0,2.848,2113.3,,,,1926.0,,,100.0,221.0,2.901,,,,,,,,,,,,""
12797906315,"1 nov. 2024, 14:22:49",Marche dans l'après-midi,Marche,,5326,"6,00",,,false,,,activities/13646126037.fit.gz,,,5326.0,5220.0,6005.3,1.671,1.15,72.0,71.0,228.2,294.6,11.7,0.0,,,80.0,46.0,,,,,356.0,,,,,,,,,,,,,,,,0.0,,1.0,,,,,,,,,,,,,,,,,,,,,,,,,,,0.0,1.128,3213.9,,,,7880.0,,,,,,,,,,,,,,,,,""
12794859375,"1 nov. 2024, 07:04:57",Course à pied le matin,Course à pied,,3920,"9,86",,,false,,,activities/13642848621.fit.gz,,,3920.0,3830.0,9860.2,3.48,2.574,137.0,139.0,155.4,213.0,20.2,0.0,,,90.0,81.0,,,,262.0,692.0,,20.0,,1002018.0,,,,,,,,266.0,3921.0,,,0.0,,1.0,10145.8,,,,,,,,,,,,,,,,,,,,,,,,,,0.0,2.515,4754.1,,,,10324.0,,,435.0,200.0,2.649,,,,,,,,,,,,""
12783193519,"30 oct. 2024, 16:41:23",Course à pied dans l'après-midi,Course à pied,,3213,"9,45",,,false,,,activities/13630277431.fit.gz,,,3213.0,3204.0,9457.3,5.16,2.952,26.0,30.0,60.6,92.4,12.5,0.0,,,97.0,81.0,,,,295.0,640.0,,20.0,,944663.0,,,,,,,,304.0,3214.0,,,0.0,,1.0,9527.1,,,,,,,,,,,,,,,,,,,,,,,,,,0.0,2.943,144.6,,,,8514.0,,,467.0,229.0,2.974,,,,,,,,,,,,""
12765564477,"28 oct. 2024, 13:08:02",CO,Course à pied,"",6191,"11,10",,,false,,,activities/13611387904.fit.gz,,,6191.0,4240.0,11100.0,6.046,2.618,122.0,117.0,102.0,121.8,27.6,0.0,,,111.0,80.0,,,,290.0,878.0,,25.0,,1083050.0,,,,,,,,286.0,5383.0,0.0,,0.0,,1.0,11374.1,,,,,,,,,,,,,,,,,,,,,,,,,,0.0,1.793,10412.9,,,,9808.0,,,691.0,215.0,2.683,,,,,,,,,,,,""
12727767912,"23 oct. 2024, 16:57:05",Course à pied en soirée,Course à pied,,3944,"12,13",,,false,,,activities/13570492405.fit.gz,,,3944.0,3940.0,12135.9,4.482,3.08,59.0,61.0,0.0,19.2,40.8,0.0,,,93.0,82.0,,,,311.0,852.0,,23.0,,1224265.0,,,,,,,,322.0,3945.0,,,0.0,,1.0,12225.8,,,,,,,,,,,,,,,,,,,,,,,,,,0.0,3.077,3168.5,,,,10740.0,,,642.0,242.0,3.103,,,,,,,,,,,,""
12708758496,"21 oct. 2024, 12:43:10",Marche dans l'après-midi,Marche,,4499,"4,87",,,false,,,activities/13550164362.fit.gz,,,4499.0,3653.0,4871.8,2.736,1.334,29.0,27.0,3.6,20.6,5.9,0.0,,,77.0,54.0,,,,,274.0,,,,,,,,,,,,,,,,0.0,,1.0,,,,,,,,,,,,,,,,,,,,,,,,,,,0.0,1.083,80.8,,,,6482.0,,,,,,,,,,,,,,,,,""
12703433098,"20 oct. 2024, 16:36:40",Course à pied en soirée,Course à pied,,2855,"7,40",,,false,,,activities/13544368428.fit.gz,,,2855.0,2855.0,7407.8,3.538,2.595,34.0,35.0,0.4,18.2,7.5,0.0,,,83.0,80.0,,,,260.0,528.0,,,,740559.0,,,,,,,,260.0,2856.0,,,0.0,,1.0,7452.9,,,,,,,,,,,,,,,,,,,,,,,,,,0.0,2.595,944.5,,,,7592.0,,,302.0,195.0,2.61,,,,,,,,,,,,""
12699902226,"20 oct. 2024, 09:17:41",Marche le midi,Marche,,6267,"5,66",,,false,,,activities/13540577415.fit.gz,,,6267.0,4218.0,5665.3,2.6,1.343,29.0,26.0,1.4,19.4,11.3,0.0,,,60.0,55.0,,,,,325.0,,,,,,,,,,,,,,,,0.0,,1.0,,,,,,,,,,,,,,,,,,,,,,,,,,,0.0,0.904,201.4,,,,7408.0,,,,,,,,,,,,,,,,,""
12695108469,"19 oct. 2024, 17:44:27",Course à pied en soirée,Course à pied,,1757,"6,31",,,false,,,activities/13535406306.fit.gz,,,1757.0,1753.0,6318.3,5.528,3.604,27.0,26.0,-6.2,11.8,14.5,0.0,,,88.0,83.0,,,,360.0,416.0,,,,629750.0,,,,,,,,359.0,1756.0,,,0.0,,1.0,6353.0,,,,,,,,,,,,,,,,,,,,,,,,,,0.0,3.596,728.9,,,,4868.0,,,355.0,270.0,3.624,,,,,,,,,,,,""
12693854932,"19 oct. 2024, 14:30:38",Marche dans l'après-midi,Marche,,4039,"4,99",,,false,,,activities/13534054303.fit.gz,,,4039.0,3678.0,4991.3,1.817,1.357,31.0,31.0,-2.0,11.6,7.4,0.0,,,60.0,56.0,,,,,246.0,,,,,,,,,,,,,,,,0.0,,1.0,,,,,,,,,,,,,,,,,,,,,,,,,,,0.0,1.236,4695.3,,,,6786.0,,,,,,,,,,,,,,,,,""
12342675465,"6 sept. 2024, 17:00:41",Course à pied le soir,Course à pied,,1705,"5,50",,,false,,,activities/12342675465.gpx,,,1705.0,1700.0,5504.8,4.572,3.238,61.2,61.2,66.1,105.1,9.0,0.0,,,,,,,,,,,,,,,,,,,,,,,,,0.0,,1.0,5595.3,,,,,,,,,,,,,,,,,,,,,,,,,,0.0,3.229,0.0,,,,4652.0,,,,,3.291,,,,,,,,,,,,""
12265988015,"28 août 2024, 16:49:48",Course à pied le soir,Course à pied,,1980,"6,58",,,false,,,activities/12265988015.gpx,,,1980.0,1966.0,6580.9,6.554,3.347,26.4,26.4,3.1,18.8,11.5,0.0,,,,,,,,,,,,,,,,,,,,,,,,,0.0,,1.0,6607.6,,,,,,,,,,,,,,,,,,,,,,,,,,0.0,3.324,393.5,,,,5434.0,,,,,3.361,,,,,,,,,,,,""
12236387224,"25 août 2024, 08:49:05",Course à pied du midi,Course à pied,,2303,"7,01",,,false,,,activities/12236387224.gpx,,,2303.0,2296.0,7018.3,5.26,3.057,85.6,85.6,162.8,212.2,7.9,0.0,,,,,,,,,,,,,,,,,,,,,,,,,0.0,,1.0,7131.5,,,,,,,,,,,,,,,,,,,,,,,,,,0.0,3.047,2242.0,,,,6292.0,,,,,3.106,,,,,,,,,,,,""
12188354789,"19 août 2024, 15:46:28",Course à pied le soir,Course à pied,,2030,"6,95",,,false,,,activities/12188354789.gpx,,,2030.0,2015.0,6958.0,9.998,3.453,30.2,30.2,2.9,20.4,11.8,0.1,,,,,,,,,,,,,,,,,,,,,,,,,0.0,,1.0,6998.1,,,,,,,,,,,,,,,,,,,,,,,,,,0.0,3.428,427.3,,,,5696.0,,,,,3.473,,,,,,,,,,,,""
